00000000 d _TLS_MODULE_BASE_
00000000 00000001 D CTRPluginFramework::PrivColor::_format
00000000 a shift
00000000 a shift
00000004 00000004 D CTRPluginFramework::PrivColor::ToFramebuffer
00000008 00000004 D CTRPluginFramework::PrivColor::FromFramebuffer
0000000c 00000008 B CTRPluginFramework::Renderer::_rendererContext
00000014 00000001 b __tls_guard
00000018 00000010 B CTRPluginFramework::PrivColor::_clampArea
00000028 00000001 B CTRPluginFramework::PrivColor::_useClamp
07000100 A __start__
07000100 T _start
07000104 T __service_ptr
07000108 t startup
0700012c t ClearMem
07000140 t ClrLoop
07000158 T _init
07000170 T initLib
070001a4 T __ctru_exit
070001d4 t .udivsi3_skip_div0_test
070001d4 T __aeabi_uidiv
070001d4 000001ec T __udivsi3
070003c0 00000020 T __aeabi_uidivmod
070003e0 T __aeabi_idiv
070003e0 00000220 T __divsi3
070003e8 t .divsi3_skip_div0_test
07000600 00000020 T __aeabi_idivmod
07000620 00000004 W __aeabi_idiv0
07000620 00000004 W __aeabi_ldiv0
07000624 0000019c T __aeabi_frsub
0700062c 00000194 T __aeabi_fsub
0700062c 00000194 T __subsf3
07000630 00000190 T __addsf3
07000630 00000190 T __aeabi_fadd
070007c0 00000028 T __aeabi_ui2f
070007c0 00000028 T __floatunsisf
070007c8 00000020 T __aeabi_i2f
070007c8 00000020 T __floatsisf
070007e8 0000008c T __aeabi_ul2f
070007e8 0000008c T __floatundisf
070007f8 0000007c T __aeabi_l2f
070007f8 0000007c T __floatdisf
07000874 T __aeabi_ldivmod
07000948 T __aeabi_uldivmod
07000984 00000014 T __restore_core_regs
07000984 00000014 T restore_core_regs
07000998 T __gnu_Unwind_Restore_VFP
070009a0 T __gnu_Unwind_Save_VFP
070009a8 T __gnu_Unwind_Restore_VFP_D
070009b0 T __gnu_Unwind_Save_VFP_D
070009b8 T __gnu_Unwind_Restore_VFP_D_16_to_31
070009c0 T __gnu_Unwind_Save_VFP_D_16_to_31
070009c8 T __gnu_Unwind_Restore_WMMXD
07000a0c T __gnu_Unwind_Save_WMMXD
07000a50 T __gnu_Unwind_Restore_WMMXC
07000a64 T __gnu_Unwind_Save_WMMXC
07000a78 00000024 T _Unwind_RaiseException
07000a78 00000024 T ___Unwind_RaiseException
07000a9c 00000024 T _Unwind_Resume
07000a9c 00000024 T ___Unwind_Resume
07000ac0 00000024 T _Unwind_Resume_or_Rethrow
07000ac0 00000024 T ___Unwind_Resume_or_Rethrow
07000ae4 00000024 T _Unwind_ForcedUnwind
07000ae4 00000024 T ___Unwind_ForcedUnwind
07000b08 00000024 T _Unwind_Backtrace
07000b08 00000024 T ___Unwind_Backtrace
07000b48 00000390 T strcmp
07000ed0 T __aeabi_drsub
07000ed8 000002b0 T __aeabi_dsub
07000ed8 000002b0 T __subdf3
07000edc 000002ac T __adddf3
07000edc 000002ac T __aeabi_dadd
07001188 00000024 T __aeabi_ui2d
07001188 00000024 T __floatunsidf
070011ac 00000028 T __aeabi_i2d
070011ac 00000028 T __floatsidf
070011d4 00000048 T __aeabi_f2d
070011d4 00000048 T __extendsfdf2
0700121c 00000074 T __aeabi_ul2d
0700121c 00000074 T __floatundidf
07001230 00000060 T __aeabi_l2d
07001230 00000060 T __floatdidf
07001290 t __do_global_dtors_aux
070012e0 t frame_dummy
0700130c 000000c4 t CTRPluginFramework::pollPresence()
070013d0 00000094 t void std::__cxx11::basic_string<char, std::char_traits<char>, std::allocator<char> >::_M_construct<char const*>(char const*, char const*, std::forward_iterator_tag) [clone .isra.0]
07001468 00000020 T CTRPluginFramework::PatchProcess(CTRPluginFramework::FwkSettings&)
07001488 00000118 T CTRPluginFramework::main()
070015a0 00000018 t _GLOBAL__sub_I__ZN18CTRPluginFramework12PatchProcessERNS_11FwkSettingsE
070015b8 00000094 t void std::__cxx11::basic_string<char, std::char_traits<char>, std::allocator<char> >::_M_construct<char const*>(char const*, char const*, std::forward_iterator_tag) [clone .isra.0]
0700164c 00000288 t drawToast(CTRPluginFramework::Screen const&)
070018d4 0000000c T overlayInit
070018e0 0000017c T overlayShowToast
07001a5c 0000001c T overlayExit
07001a78 00000018 t _GLOBAL__sub_I_overlayInit
07001a90 00000050 T presenceClientInit
07001ae0 0000015c T presenceClientPoll
07001c3c 0000004c T presenceClientExit
07001c88 00000020 T CTRPluginFramework::Time::AsSeconds() const
07001ca8 00000028 T CTRPluginFramework::Time::AsMicroseconds() const
07001cd0 00000070 T CTRPluginFramework::PluginMenu::PluginMenu(std::__cxx11::basic_string<char, std::char_traits<char>, std::allocator<char> >, unsigned long, unsigned long, unsigned long, std::__cxx11::basic_string<char, std::char_traits<char>, std::allocator<char> >, unsigned long)
07001cd0 00000070 T CTRPluginFramework::PluginMenu::PluginMenu(std::__cxx11::basic_string<char, std::char_traits<char>, std::allocator<char> >, unsigned long, unsigned long, unsigned long, std::__cxx11::basic_string<char, std::char_traits<char>, std::allocator<char> >, unsigned long)
07001d40 00000010 T CTRPluginFramework::PluginMenu::operator+=(void (*)()) const
07001d50 00000004 T CTRPluginFramework::PluginMenu::Callback(void (*)()) const
07001d54 00000048 T CTRPluginFramework::PluginMenu::Run() const
07001d9c 00000008 T CTRPluginFramework::PluginMenu::ShowWelcomeMessage(bool) const
07001da4 00000008 T CTRPluginFramework::PluginMenu::IsOpen()
07001dac 00000010 T CTRPluginFramework::PluginMenu::GetRunningInstance()
07001dbc 0000000c T CTRPluginFramework::PluginMenu::SynchronizeWithFrame(bool)
07001dc8 00000030 W std::unique_ptr<CTRPluginFramework::PluginMenuImpl, std::default_delete<CTRPluginFramework::PluginMenuImpl> >::~unique_ptr()
07001dc8 00000030 W std::unique_ptr<CTRPluginFramework::PluginMenuImpl, std::default_delete<CTRPluginFramework::PluginMenuImpl> >::~unique_ptr()
07001df8 00000018 T CTRPluginFramework::PluginMenu::~PluginMenu()
07001df8 00000018 T CTRPluginFramework::PluginMenu::~PluginMenu()
07001e10 000000b0 t std::vector<bool (*)(CTRPluginFramework::Screen const&), std::allocator<bool (*)(CTRPluginFramework::Screen const&)> >::push_back(bool (* const&)(CTRPluginFramework::Screen const&)) [clone .isra.0]
07001ec0 0000004c T CTRPluginFramework::Screen::Draw(std::__cxx11::basic_string<char, std::char_traits<char>, std::allocator<char> > const&, unsigned long, unsigned long, CTRPluginFramework::Color const&, CTRPluginFramework::Color const&) const
07001f0c 00000048 T CTRPluginFramework::Screen::DrawRect(unsigned long, unsigned long, unsigned long, unsigned long, CTRPluginFramework::Color const&, bool) const
07001f54 000000fc T CTRPluginFramework::OSD::Notify(std::__cxx11::basic_string<char, std::char_traits<char>, std::allocator<char> > const&, CTRPluginFramework::Color const&, CTRPluginFramework::Color const&)
07002050 00000038 W __gnu_cxx::__normal_iterator<bool (**)(CTRPluginFramework::Screen const&), std::vector<bool (*)(CTRPluginFramework::Screen const&), std::allocator<bool (*)(CTRPluginFramework::Screen const&)> > > std::find<__gnu_cxx::__normal_iterator<bool (**)(CTRPluginFramework::Screen const&), std::vector<bool (*)(CTRPluginFramework::Screen const&), std::allocator<bool (*)(CTRPluginFramework::Screen const&)> > >, bool (*)(CTRPluginFramework::Screen const&)>(__gnu_cxx::__normal_iterator<bool (**)(CTRPluginFramework::Screen const&), std::vector<bool (*)(CTRPluginFramework::Screen const&), std::allocator<bool (*)(CTRPluginFramework::Screen const&)> > >, __gnu_cxx::__normal_iterator<bool (**)(CTRPluginFramework::Screen const&), std::vector<bool (*)(CTRPluginFramework::Screen const&), std::allocator<bool (*)(CTRPluginFramework::Screen const&)> > >, bool (* const&)(CTRPluginFramework::Screen const&))
07002088 000000a4 T CTRPluginFramework::OSD::Run(bool (*)(CTRPluginFramework::Screen const&))
0700212c 00000048 T CTRPluginFramework::OSD::Stop(bool (*)(CTRPluginFramework::Screen const&))
07002174 000000f4 T CTRPluginFramework::Color::Fade(float)
07002268 00000040 T CTRPluginFramework::Color::operator<=(CTRPluginFramework::Color const&) const
070022a8 0000007c T CTRPluginFramework::Color::operator*(CTRPluginFramework::Color const&) const
07002324 000001fc T CTRPluginFramework::Color::Blend(CTRPluginFramework::Color const&, CTRPluginFramework::Color::BlendMode) const
07002520 000000c4 T OnSharedMemMap(unsigned long, void*, MemPerm, MemPerm)
070025e4 00000008 t CTRPluginFramework::KeepThreadMain(void*)::{lambda(void const*)#1}::_FUN(void const*)
070025ec 00000070 t std::__cxx11::basic_string<char, std::char_traits<char>, std::allocator<char> >::_M_append(char const*, unsigned int) [clone .isra.0]
0700265c 000000b8 t std::__cxx11::basic_string<char, std::char_traits<char>, std::allocator<char> >::operator=(char const*) [clone .isra.0]
07002714 00000030 t std::__cxx11::basic_string<char, std::char_traits<char>, std::allocator<char> >::append(char const*, unsigned int) [clone .isra.0]
07002744 00000074 W std::__cxx11::basic_string<char, std::char_traits<char>, std::allocator<char> >::basic_string<std::allocator<char> >(char const*, std::allocator<char> const&)
07002744 00000074 W std::__cxx11::basic_string<char, std::char_traits<char>, std::allocator<char> >::basic_string<std::allocator<char> >(char const*, std::allocator<char> const&)
070027b8 00000018 W CTRPluginFramework::ProcessImpl::UserProcessEventCallback(CTRPluginFramework::Process::Event)
070027d0 0000005c T abort
0700282c 00000024 T OnLoadCro
07002850 00000074 W void std::vector<unsigned long, std::allocator<unsigned long> >::_M_range_initialize_n<unsigned long const*, unsigned long const*>(unsigned long const*, unsigned long const*, unsigned int)
070028c4 00000208 T CTRPluginFramework::Initialize()
07002acc 00000048 T CTRPluginFramework::MainThreadExit()
07002b14 00000048 T CTRPluginFramework::MainThreadInit(void*)
07002b5c 000000e4 T __entrypoint
07002c40 00000028 W std::_Vector_base<unsigned long, std::allocator<unsigned long> >::~_Vector_base()
07002c40 00000028 W std::_Vector_base<unsigned long, std::allocator<unsigned long> >::~_Vector_base()
07002c68 000000e4 W unsigned long CTRPluginFramework::Utils::Search<unsigned long>(unsigned long, unsigned long, std::vector<unsigned long, std::allocator<unsigned long> > const&)
07002d50 000006c8 T CTRPluginFramework::KeepThreadMain(void*)
07003418 00000048 t _GLOBAL__sub_I_g_gspEventThreadPriority
07003460 0000002c t _GLOBAL__sub_D_g_gspEventThreadPriority
07003490 000000c0 t NCSNDCmd_Add
07003550 00000094 t NCSNDCmd_Execute.constprop.0
070035e4 00000068 T ncsndNotifyAptEvent
0700364c 00000004 t ncsndAptHook
07003650 000001f0 T ncsndInit
07003840 000000cc T ncsndExit
0700390c 00000020 T ncsndInitializeSound
0700392c 000002b0 T ncsndPlaySound
07003bdc 0000004c T ncsndStopSound
07003c28 0000009c T ncsndIsPlaying
07003cc4 T svcCustomBackdoor
07003ccc T svcConvertVAToPA
07003cd4 T svcFlushDataCacheRange
07003cdc T svcInvalidateEntireInstructionCache
07003ce4 T svcMapProcessMemoryEx
07003d04 T svcUnmapProcessMemoryEx
07003d0c T svcControlProcess
07003d14 T LoadCROHooked
07003d28 T AR__ExecuteRoutine
07003d50 t stackBak
07003d58 0000003c T __syscall_getreent
07003d94 0000000c T __aeabi_read_tp
07003da0 0000003c T __getThreadLocalStorage
07003ddc 00000070 T __syscall_gettod_r
07003e4c 00000004 T __syscall_lock_acquire
07003e50 00000004 T __syscall_lock_release
07003e54 00000004 T __syscall_lock_acquire_recursive
07003e58 00000004 T __syscall_lock_release_recursive
07003e5c 00000014 T __syscall_cond_broadcast
07003e70 00000014 T __syscall_cond_wait
07003e84 00000044 T __syscall_cond_wait_recursive
07003ec8 00000054 T initThreadVars
07003f1c 0000005c T __system_initSyscalls
07003f78 00000020 T __libctru_exit
07003f98 0000001c T __appExit
07003fb4 00000198 T __createThread
0700414c 0000010c T __startThread
07004258 00000024 T threadGetHandle
0700427c 0000002c T threadFree
070042a8 00000024 T threadJoin
070042cc 00000020 T threadGetCurrent
070042ec 0000003c T threadExit
07004328 00000020 t _thread_begin
07004348 0000004c T hidInitFake
07004394 0000003c T hidExitFake
070043d0 0000002c T hidSetSharedMem
070043fc 00000070 T plgLdrExit
0700446c 000000d4 T plgLdrInit
07004540 00000068 T PLGLDR__DisplayErrMessage
070045a8 00000050 T PLGLDR__GetPluginPath
070045f8 00000024 T PLGLDR__FetchEvent
0700461c 000000ec T PLGLDR__Reply
07004708 000000b4 T __system_allocateHeaps
070047bc 0000002c t CTRPluginFrameworkImpl::Services::GSP::GSPGPU__RegisterInterruptHook()
070047e8 000000b8 t CTRPluginFrameworkImpl::Services::GSP::DrainInterrupts()
070048a0 00000224 t CTRPluginFrameworkImpl::Services::GSP::InterruptReceiver(void*)
07004ac4 00000028 t CTRPluginFrameworkImpl::Services::GSP::plgVAtoGameVa(unsigned long*)
07004aec 00000028 t unsigned char* std::copy<unsigned char*, unsigned char*>(unsigned char*, unsigned char*, unsigned char*) [clone .isra.0]
07004b14 000000d0 T CTRPluginFrameworkImpl::Services::GSP::Update(unsigned long, unsigned long, unsigned long)
07004be4 00000004 T __gsp__Update
07004be8 0000027c T CTRPluginFrameworkImpl::Services::GSP::FrameBufferInfo::FillFrameBufferFrom(CTRPluginFrameworkImpl::Services::GSP::FrameBufferInfo&)
07004e64 00000018 T CTRPluginFrameworkImpl::Services::GSP::FrameBufferInfoShared::FillFrameBuffersFrom(CTRPluginFrameworkImpl::Services::GSP::FrameBufferInfoShared&)
07004e7c 00000010 T CTRPluginFrameworkImpl::Services::GSP::TriggerPSCEvents()
07004e8c 00000048 T CTRPluginFrameworkImpl::Services::GSP::PauseInterruptReceiver()
07004ed4 00000034 T CTRPluginFrameworkImpl::Services::GSP::ResumeInterruptReceiver()
07004f08 0000001c T CTRPluginFrameworkImpl::Services::GSP::WaitForVBlank()
07004f24 0000001c T CTRPluginFrameworkImpl::Services::GSP::WaitForVBlank1()
07004f40 00000030 T CTRPluginFrameworkImpl::Services::GSP::WaitForVBlankBoth()
07004f70 0000002c T CTRPluginFrameworkImpl::Services::GSP::SwapBuffer(int)
07004f9c 00000090 T CTRPluginFrameworkImpl::Services::GSP::WaitBufferSwapped(int)
0700502c 00000038 T CTRPluginFrameworkImpl::Services::GSP::ImportFrameBufferInfo(CTRPluginFrameworkImpl::Services::GSP::FrameBufferInfoShared&, int)
07005064 000000a8 T CTRPluginFrameworkImpl::Services::GSP::SetFrameBufferInfo(CTRPluginFrameworkImpl::Services::GSP::FrameBufferInfoShared&, int, bool)
0700510c 00000198 T CTRPluginFrameworkImpl::Services::GSP::Initialize()
070052a4 0000003c t _GLOBAL__sub_I__ZN22CTRPluginFrameworkImpl8Services3GSP11BufferFlagsE
070052e0 00000020 t _GLOBAL__sub_D__ZN22CTRPluginFrameworkImpl8Services3GSP11BufferFlagsE
07005300 000000ac T CTRPluginFramework::SystemImpl::Initialize()
070053ac 00000050 T CTRPluginFramework::SystemImpl::CheckCitra()
070053fc 00000018 T CTRPluginFramework::SystemImpl::WantsToSleep()
07005414 0000001c T CTRPluginFramework::SystemImpl::IsSleeping()
07005430 0000003c T CTRPluginFramework::SystemImpl::ReadyToSleep()
0700546c 00000020 T CTRPluginFramework::SystemImpl::WakeUpFromSleep()
0700548c 00000044 T CTRPluginFramework::SystemImpl::Status()
070054d0 0000024c t CTRPluginFramework::ScreenToBMP(CTRPluginFramework::BMPImage::Pixel*, unsigned long, unsigned long, CTRPluginFramework::Screenshot::ImageBuffer*)
0700571c 00000028 t unsigned long* std::copy<unsigned long*, unsigned long*>(unsigned long*, unsigned long*, unsigned long*) [clone .isra.0]
07005744 0000008c t std::__cxx11::basic_string<char, std::char_traits<char>, std::allocator<char> >::append(char const*, unsigned int) [clone .isra.0]
070057d0 00000268 T CTRPluginFramework::Screenshot::TaskCallback(void*)
07005a38 00000070 W std::__cxx11::basic_string<char, std::char_traits<char>, std::allocator<char> > std::operator+<char, std::char_traits<char>, std::allocator<char> >(std::__cxx11::basic_string<char, std::char_traits<char>, std::allocator<char> > const&, std::__cxx11::basic_string<char, std::char_traits<char>, std::allocator<char> >&&)
07005aa8 00000368 T CTRPluginFramework::Screenshot::OSDCallback(unsigned long, void*, void*, int, int)
07005e10 0000023c T CTRPluginFramework::Screenshot::UpdateFileCount()
0700604c 00000048 T CTRPluginFramework::Screenshot::Initialize()
07006094 00000044 t _GLOBAL__sub_I__ZN18CTRPluginFramework10Screenshot9IsEnabledE
070060d8 000000a4 t _GLOBAL__sub_D__ZN18CTRPluginFramework10Screenshot9IsEnabledE
0700617c 00000024 T CTRPluginFramework::GetBPP(GSPGPU_FramebufferFormat)
070061a0 00000070 T CTRPluginFramework::ScreenImpl::ScreenImpl(unsigned long, unsigned long, bool)
070061a0 00000070 T CTRPluginFramework::ScreenImpl::ScreenImpl(unsigned long, unsigned long, bool)
07006210 00000100 T CTRPluginFramework::ScreenImpl::Initialize()
07006310 00000050 T CTRPluginFramework::ScreenImpl::ApplyCtrpfScreens()
07006360 000000e0 T CTRPluginFramework::ScreenImpl::Fade(float)
07006440 0000005c T CTRPluginFramework::ScreenImpl::ImportFromGsp()
0700649c 00000028 T CTRPluginFramework::ScreenImpl::Release()
070064c4 00000070 T CTRPluginFramework::ScreenImpl::Acquire(unsigned long, unsigned long, unsigned long, unsigned long, bool)
07006534 00000040 T CTRPluginFramework::ScreenImpl::Flush()
07006574 00000094 T CTRPluginFramework::ScreenImpl::Clear(bool)
07006608 00000044 T CTRPluginFramework::ScreenImpl::Copy()
0700664c 000000c8 T CTRPluginFramework::ScreenImpl::Acquire(bool)
07006714 00000008 T CTRPluginFramework::ScreenImpl::IsTopScreen()
0700671c 0000005c T CTRPluginFramework::ScreenImpl::Is3DEnabled()
07006778 00000048 T CTRPluginFramework::ScreenImpl::Flash(CTRPluginFramework::Color&)
070067c0 0000003c T CTRPluginFramework::ScreenImpl::Clean()
070067fc 00000088 T CTRPluginFramework::ScreenImpl::SwitchFrameBuffers(bool)
07006884 00000070 T CTRPluginFramework::ScreenImpl::AcquireFromGsp(bool)
070068f4 00000030 T CTRPluginFramework::ScreenImpl::CheckGspFrameBuffersInfo()
07006924 00000060 T CTRPluginFramework::ScreenImpl::SwapBuffer()
07006984 00000014 T CTRPluginFramework::ScreenImpl::SwapBufferInternal()
07006998 0000001c T CTRPluginFramework::ScreenImpl::GetBacklight()
070069b4 0000001c T CTRPluginFramework::ScreenImpl::SetBacklight(unsigned long)
070069d0 00000008 T CTRPluginFramework::ScreenImpl::GetFormat() const
070069d8 00000008 T CTRPluginFramework::ScreenImpl::GetStride() const
070069e0 00000008 T CTRPluginFramework::ScreenImpl::GetBytesPerPixel() const
070069e8 0000001c T CTRPluginFramework::ScreenImpl::GetFrameBufferInfos(int&, int&, GSPGPU_FramebufferFormat&) const
07006a04 0000001c T CTRPluginFramework::ScreenImpl::GetLeftFrameBuffer(bool)
07006a20 00000054 T CTRPluginFramework::ScreenImpl::GetLeftFrameBuffer(int, int)
07006a74 00000030 T CTRPluginFramework::ScreenImpl::GetRightFrameBuffer(bool)
07006aa4 00000058 T CTRPluginFramework::ScreenImpl::GetRightFrameBuffer(int, int)
07006afc 0000005c T CTRPluginFramework::ScreenImpl::GetPosFromAddress(unsigned long, int&, int&)
07006b58 00000010 t std::__atomic_base<unsigned long>::operator=(unsigned long) [clone .isra.0]
07006b68 00000078 W std::_Sp_counted_base<(__gnu_cxx::_Lock_policy)2>::_M_release()
07006be0 00000008 W CTRPluginFramework::GetTaskWorkerStackSize(unsigned long)
07006be8 00000068 T CTRPluginFramework::Scheduler::Core::Core(unsigned long)
07006be8 00000068 T CTRPluginFramework::Scheduler::Core::Core(unsigned long)
07006c50 00000050 T CTRPluginFramework::Scheduler::Exit()
07006ca0 00000020 W std::__shared_count<(__gnu_cxx::_Lock_policy)2>::~__shared_count()
07006ca0 00000020 W std::__shared_count<(__gnu_cxx::_Lock_policy)2>::~__shared_count()
07006cc0 00000038 W std::unique_ptr<CTRPluginFramework::Scheduler::Core, std::default_delete<CTRPluginFramework::Scheduler::Core> >::~unique_ptr()
07006cc0 00000038 W std::unique_ptr<CTRPluginFramework::Scheduler::Core, std::default_delete<CTRPluginFramework::Scheduler::Core> >::~unique_ptr()
07006cf8 0000002c W std::__detail::_MakeUniq<CTRPluginFramework::Scheduler::Core>::__single_object std::make_unique<CTRPluginFramework::Scheduler::Core, int>(int&&)
07006d24 0000002c W std::_Sp_counted_base<(__gnu_cxx::_Lock_policy)2>::_M_add_ref_copy()
07006d50 0000003c t std::__shared_count<(__gnu_cxx::_Lock_policy)2>::operator=(std::__shared_count<(__gnu_cxx::_Lock_policy)2> const&) [clone .isra.0]
07006d8c 0000012c T CTRPluginFramework::Scheduler::_PollTask(CTRPluginFramework::Scheduler::Core&)
07006eb8 000000fc T CTRPluginFramework::Scheduler__CoreHandler(void*)
07006fb4 00000058 T CTRPluginFramework::Scheduler::Core::Assign(CTRPluginFramework::Task const&)
0700700c 000000dc W void std::vector<std::shared_ptr<CTRPluginFramework::TaskContext>, std::allocator<std::shared_ptr<CTRPluginFramework::TaskContext> > >::_M_realloc_append<std::shared_ptr<CTRPluginFramework::TaskContext> const&>(std::shared_ptr<CTRPluginFramework::TaskContext> const&)
070070e8 0000016c T CTRPluginFramework::Scheduler::Schedule(CTRPluginFramework::Task const&)
07007254 00000034 W std::__uniq_ptr_impl<CTRPluginFramework::Scheduler::Core, std::default_delete<CTRPluginFramework::Scheduler::Core> >::reset(CTRPluginFramework::Scheduler::Core*)
07007288 00000154 T CTRPluginFramework::Scheduler::Initialize()
070073dc 00000038 t _GLOBAL__sub_I__ZN18CTRPluginFramework9Scheduler10_singletonE
07007414 0000007c t _GLOBAL__sub_D__ZN18CTRPluginFramework9Scheduler10_singletonE
07007490 0000004c t CTRPluginFramework::ThreadPredicate(KThread*)
070074dc 00000094 T CTRPluginFramework::ProcessImpl::Play(bool)
07007570 0000003c T CTRPluginFramework::ProcessImpl::LockGameThreads()
070075ac 00000038 T CTRPluginFramework::ProcessImpl::UnlockGameThreads()
070075e4 00000064 T CTRPluginFramework::ProcessImpl::IsValidAddress(unsigned long)
07007648 0000006c T CTRPluginFramework::ProcessImpl::GetMemRegion(unsigned long)
070076b4 00000094 T CTRPluginFramework::ProcessImpl::GetNextRegion(MemInfo const&)
07007748 000000a8 T CTRPluginFramework::ProcessImpl::GetPreviousRegion(MemInfo const&)
070077f0 00000038 T CTRPluginFramework::ProcessImpl::EnableExceptionHandlers()
07007828 0000001c T CTRPluginFramework::ProcessImpl::DisableExceptionHandlers()
07007844 00000038 T CTRPluginFramework::ProcessImpl::ReturnFromException(CpuRegisters*)
0700785c t _store_reg_loop
0700787c 0000000c T CTRPluginFramework::ProcessImpl::SignalExit()
07007888 00000028 W std::_Vector_base<MemInfo, std::allocator<MemInfo> >::~_Vector_base()
07007888 00000028 W std::_Vector_base<MemInfo, std::allocator<MemInfo> >::~_Vector_base()
070078b0 000000ac W void std::vector<MemInfo, std::allocator<MemInfo> >::_M_realloc_append<MemInfo const&>(MemInfo const&)
0700795c 000000e4 T CTRPluginFramework::ProcessImpl::UpdateMemRegions(bool)
07007a40 000003fc T CTRPluginFramework::ProcessImpl::Initialize()
07007e3c 0000006c T CTRPluginFramework::ProcessImpl::Pause(bool)
07007ea8 000000e0 T CTRPluginFramework::ProcessImpl::ExceptionHandler(ERRF_ExceptionInfo*, CpuRegisters*)
07007f88 0000000c t _GLOBAL__sub_I__ZN18CTRPluginFramework11ProcessImpl13ProcessHandleE
07007f94 00000034 t _GLOBAL__sub_D__ZN18CTRPluginFramework11ProcessImpl13ProcessHandleE
07007fc8 0000000c t KProcess::GetCurrent()::{lambda()#1}::_FUN()
07007fd4 00000018 t KProcess::PatchCategory(unsigned long)::{lambda(KProcess*, unsigned long, unsigned long)#1}::_FUN(KProcess*, unsigned long, unsigned long)
07007fec 00000040 t KProcess::PatchMaxPriority(unsigned long)::{lambda(KProcess*, unsigned long, unsigned long)#1}::_FUN(KProcess*, unsigned long, unsigned long)
0700802c 00000044 t KProcess::PatchMaxThreads()::{lambda(KProcess*, unsigned long)#1}::_FUN(KProcess*, unsigned long)
07008070 00000010 t KProcess::PatchCore2Access()::{lambda(KProcess*)#1}::_FUN(KProcess*)
07008080 00000014 t Kernel::Memcpy(void*, void const*, unsigned long)::{lambda(void*, void*, unsigned long)#1}::_FUN(void*, void*, unsigned long)
07008094 00000004 T Kernel::Initialize()
07008098 00000018 T Kernel::Memcpy(void*, void const*, unsigned long)
070080b0 0000000c T KProcess::GetCurrent()
070080bc 00000024 T KProcess::PatchCore2Access()
070080e0 0000002c T KProcess::PatchCategory(unsigned long)
0700810c 00000014 T KProcess__PatchCategory
07008120 0000002c T KProcess::PatchMaxPriority(unsigned long)
0700814c 00000014 T KProcess__PatchMaxPriority
07008160 00000028 T KProcess::PatchMaxThreads()
07008188 00000038 t SetHookContextInTLS(CTRPluginFramework::HookContext*)
070081c0 0000002c t RestoreHookContextInTLS()
070081ec 00000060 t void std::__cxx11::basic_string<char, std::char_traits<char>, std::allocator<char> >::_M_construct<char const*>(char const*, char const*, std::forward_iterator_tag) [clone .isra.0]
0700824c 000002d4 t GenerateAsm(CTRPluginFramework::AsmWrapper&, CTRPluginFramework::HookContext&)
07008520 00000044 W CTRPluginFramework::Lock::~Lock()
07008520 00000044 W CTRPluginFramework::Lock::~Lock()
07008564 0000006c T CTRPluginFramework::HookManager::HookManager()
07008564 0000006c T CTRPluginFramework::HookManager::HookManager()
070085d0 000000d0 T __hook__CheckTlsValue
070086a0 00000060 T CTRPluginFramework::HookManager::GetFreeHookWrapper(long&)
07008700 00000054 T CTRPluginFramework::HookManager::GetAsmWrapper(CTRPluginFramework::HookContext*)
07008754 000000d0 T CTRPluginFramework::HookManager::DisableHook(CTRPluginFramework::HookContext&)
07008824 0000000c T CTRPluginFramework::HookManager::Lock()
07008830 0000000c T CTRPluginFramework::HookManager::Unlock()
0700883c 00000064 T CTRPluginFramework::HookManager::PrepareToUnmapMemory()
070088a0 00000074 T CTRPluginFramework::HookManager::RecoverFromUnmapMemory()
07008914 00000014 W CTRPluginFramework::AsmWrapper* std::construct_at<CTRPluginFramework::AsmWrapper>(CTRPluginFramework::AsmWrapper*)
07008914 00000014 W _ZSt12construct_atIN18CTRPluginFramework10AsmWrapperEJEQaant20is_unbounded_array_vIT_ErqXgsnwcvPvLi0E_S2_pispcl7declvalIT0_EEEEEPS2_S5_DpOS4_
07008928 000000ec W void std::vector<CTRPluginFramework::AsmWrapper, std::allocator<CTRPluginFramework::AsmWrapper> >::_M_realloc_append<>()
07008a14 00000070 T CTRPluginFramework::HookManager::GetFreeAsmWrapper()
07008a84 00000164 T CTRPluginFramework::HookManager::ApplyHook(CTRPluginFramework::HookContext&)
07008be8 0000000c t _GLOBAL__sub_I__ZN18CTRPluginFramework11HookManager10_singletonE
07008bf4 00000044 t _GLOBAL__sub_D__ZN18CTRPluginFramework11HookManager10_singletonE
07008c38 00000024 t addrMapNodeComparator(rbtree_node const*, rbtree_node const*)
07008c5c 00000004 t addrMapNodeDestructor(rbtree_node*)
07008c60 00000130 T CTRPluginFramework::Heap::MemAlign(unsigned int, unsigned int)
07008d90 00000008 T CTRPluginFramework::Heap::Alloc(unsigned int)
07008d98 0000006c T CTRPluginFramework::Heap::Free(void*)
07008e04 0000000c T CTRPluginFramework::Heap::SpaceFree()
07008e10 0000000c t _GLOBAL__sub_I__ZN18CTRPluginFramework4Heap12__ctrpf_heapE
07008e1c 00000020 t _GLOBAL__sub_D__ZN18CTRPluginFramework4Heap12__ctrpf_heapE
07008e3c 0000008c t std::__cxx11::basic_string<char, std::char_traits<char>, std::allocator<char> >::append(char const*, unsigned int) [clone .isra.0]
07008ec8 00000008 T CTRPluginFramework::SoundEngineImpl::Initializelibcwav()
07008ed0 00000004 T CTRPluginFramework::SoundEngineImpl::NotifyAptEvent(APT_HookType)
07008ed4 00000004 T CTRPluginFramework::SoundEngineImpl::SetVaToPaConvFunction(unsigned long (*)(void const*))
07008ed8 00000048 T CTRPluginFramework::SoundEngineImpl::RegisterMenuSoundEvent(CTRPluginFramework::SoundEngine::Event, CTRPluginFramework::Sound&)
07008f20 00000024 T CTRPluginFramework::SoundEngineImpl::PlayMenuSound(CTRPluginFramework::SoundEngine::Event)
07008f44 00000044 T CTRPluginFramework::SoundEngineImpl::ClearMenuSounds()
07008f88 00000038 W CTRPluginFramework::Sound* std::__uninitialized_default_n_1<false>::__uninit_default_n<CTRPluginFramework::Sound*, unsigned int>(CTRPluginFramework::Sound*, unsigned int)
07008fc0 000000fc W std::vector<CTRPluginFramework::Sound, std::allocator<CTRPluginFramework::Sound> >::_M_default_append(unsigned int)
070090bc 0000018c T CTRPluginFramework::SoundEngineImpl::InitializeMenuSounds()
07009248 0000000c t _GLOBAL__sub_I__ZN18CTRPluginFramework15SoundEngineImpl10menuSoundsE
07009254 00000050 t _GLOBAL__sub_D__ZN18CTRPluginFramework15SoundEngineImpl10menuSoundsE
070092a4 000000b0 t std::vector<void (*)(), std::allocator<void (*)()> >::push_back(void (* const&)()) [clone .isra.0]
07009354 00000028 W CTRPluginFramework::Mutex::~Mutex()
07009354 00000028 W CTRPluginFramework::Mutex::~Mutex()
0700937c 00000024 W CTRPluginFramework::File::~File()
0700937c 00000024 W CTRPluginFramework::File::~File()
070093a0 0000003c W CTRPluginFramework::Controller::IsKeysPressed(unsigned long)
070093dc 00000038 W CTRPluginFramework::TextBox::~TextBox()
070093dc 00000038 W CTRPluginFramework::TextBox::~TextBox()
07009414 00000020 W CTRPluginFramework::TextBox::~TextBox()
07009434 0000010c T CTRPluginFramework::PluginMenuImpl::PluginMenuImpl(std::__cxx11::basic_string<char, std::char_traits<char>, std::allocator<char> >&, std::__cxx11::basic_string<char, std::char_traits<char>, std::allocator<char> >&, unsigned long)
07009434 0000010c T CTRPluginFramework::PluginMenuImpl::PluginMenuImpl(std::__cxx11::basic_string<char, std::char_traits<char>, std::allocator<char> >&, std::__cxx11::basic_string<char, std::char_traits<char>, std::allocator<char> >&, unsigned long)
07009540 00000020 T CTRPluginFramework::PluginMenuImpl::Close(CTRPluginFramework::MenuFolderImpl*)
07009560 00000190 T CTRPluginFramework::PluginMenuImpl::LoadHotkeysFromFile(CTRPluginFramework::Preferences::HeaderV11 const&, CTRPluginFramework::File&)
070096f0 00000020 T CTRPluginFramework::PluginMenuImpl::GetRegionsList(std::vector<CTRPluginFramework::Region, std::allocator<CTRPluginFramework::Region> >&)
07009710 00000070 T CTRPluginFramework::PluginMenuImpl::ForceExit()
07009780 0000001c T CTRPluginFramework::PluginMenuImpl::ForceOpen()
0700979c 00000010 T CTRPluginFramework::PluginMenuImpl::GetRunningInstance()
070097ac 00000008 T CTRPluginFramework::PluginMenuImpl::GetHexEditorState() const
070097b4 00000008 T CTRPluginFramework::PluginMenuImpl::ShowWelcomeMessage(bool)
070097bc 00000008 T CTRPluginFramework::PluginMenuImpl::IsOpen() const
070097c4 00000008 T CTRPluginFramework::PluginMenuImpl::AddPluginVersion(unsigned long) const
070097cc 00000044 W std::vector<std::__cxx11::basic_string<char, std::char_traits<char>, std::allocator<char> >, std::allocator<std::__cxx11::basic_string<char, std::char_traits<char>, std::allocator<char> > > >::~vector()
070097cc 00000044 W std::vector<std::__cxx11::basic_string<char, std::char_traits<char>, std::allocator<char> >, std::allocator<std::__cxx11::basic_string<char, std::char_traits<char>, std::allocator<char> > > >::~vector()
07009810 00000028 W std::_Vector_base<CTRPluginFramework::Region, std::allocator<CTRPluginFramework::Region> >::~_Vector_base()
07009810 00000028 W std::_Vector_base<CTRPluginFramework::Region, std::allocator<CTRPluginFramework::Region> >::~_Vector_base()
07009838 00000028 W std::_Vector_base<void (*)(), std::allocator<void (*)()> >::~_Vector_base()
07009838 00000028 W std::_Vector_base<void (*)(), std::allocator<void (*)()> >::~_Vector_base()
07009860 00000038 W __gnu_cxx::__normal_iterator<void (**)(), std::vector<void (*)(), std::allocator<void (*)()> > > std::find<__gnu_cxx::__normal_iterator<void (**)(), std::vector<void (*)(), std::allocator<void (*)()> > >, void (*)()>(__gnu_cxx::__normal_iterator<void (**)(), std::vector<void (*)(), std::allocator<void (*)()> > >, __gnu_cxx::__normal_iterator<void (**)(), std::vector<void (*)(), std::allocator<void (*)()> > >, void (* const&)())
07009898 00000038 t CTRPluginFramework::PluginMenuImpl::Run()::{lambda(void (*)())#1}::operator()(void (*)()) const [clone .isra.0]
070098d0 00000028 W std::vector<unsigned long, std::allocator<unsigned long> >::_Guard_alloc::~_Guard_alloc()
070098d0 00000028 W std::vector<unsigned long, std::allocator<unsigned long> >::_Guard_alloc::~_Guard_alloc()
070098f8 000000b8 t std::vector<unsigned long, std::allocator<unsigned long> >::push_back(unsigned long const&) [clone .isra.0]
070099b0 00000108 T CTRPluginFramework::PluginMenuImpl::WriteFavoritesToFile(CTRPluginFramework::Preferences::HeaderV11&, CTRPluginFramework::File&)
07009ab8 00000068 W std::vector<unsigned long, std::allocator<unsigned long> >::vector(std::vector<unsigned long, std::allocator<unsigned long> > const&)
07009ab8 00000068 W std::vector<unsigned long, std::allocator<unsigned long> >::vector(std::vector<unsigned long, std::allocator<unsigned long> > const&)
07009b20 00000114 W void std::vector<CTRPluginFramework::Preferences::HotkeysInfos, std::allocator<CTRPluginFramework::Preferences::HotkeysInfos> >::_M_realloc_append<CTRPluginFramework::Preferences::HotkeysInfos const&>(CTRPluginFramework::Preferences::HotkeysInfos const&)
07009c34 00000128 T CTRPluginFramework::PluginMenuImpl::ExtractHotkeys(std::vector<CTRPluginFramework::Preferences::HotkeysInfos, std::allocator<CTRPluginFramework::Preferences::HotkeysInfos> >&, CTRPluginFramework::MenuFolderImpl*, unsigned long&)
07009d5c 000001a8 T CTRPluginFramework::PluginMenuImpl::WriteHotkeysToFile(CTRPluginFramework::Preferences::HeaderV11&, CTRPluginFramework::File&)
07009f04 0000002c W unsigned long* std::__uninitialized_default_n_1<true>::__uninit_default_n<unsigned long*, unsigned int>(unsigned long*, unsigned int)
07009f30 000000dc W std::vector<unsigned long, std::allocator<unsigned long> >::_M_default_append(unsigned int)
0700a00c 00000038 W std::vector<unsigned long, std::allocator<unsigned long> >::resize(unsigned int)
0700a044 00000134 T CTRPluginFramework::PluginMenuImpl::LoadEnabledCheatsFromFile(CTRPluginFramework::Preferences::HeaderV11 const&, CTRPluginFramework::File&)
0700a178 00000140 T CTRPluginFramework::PluginMenuImpl::LoadFavoritesFromFile(CTRPluginFramework::Preferences::HeaderV11 const&, CTRPluginFramework::File&)
0700a2b8 0000003c W void (**std::__copy_move_a2<true, void (**)(), void (**)(), void (**)()>(void (**)(), void (**)(), void (**)()))()
0700a2f4 00000778 T CTRPluginFramework::PluginMenuImpl::Run()
0700aa6c 00000098 T CTRPluginFramework::PluginMenuImpl::Callback(void (*)())
0700ab04 0000000c t _GLOBAL__sub_I__ZN18CTRPluginFramework14PluginMenuImpl16_runningInstanceE
0700ab10 00000014 t _GLOBAL__sub_D__ZN18CTRPluginFramework14PluginMenuImpl16_runningInstanceE
0700ab24 00000174 W CTRPluginFramework::PluginMenuSearch::~PluginMenuSearch()
0700ab24 00000174 W CTRPluginFramework::PluginMenuSearch::~PluginMenuSearch()
0700ac98 000001c0 T CTRPluginFramework::PluginMenuImpl::~PluginMenuImpl()
0700ac98 000001c0 T CTRPluginFramework::PluginMenuImpl::~PluginMenuImpl()
0700ae58 00000058 t CTRPluginFramework::SelectableEntryCount(CTRPluginFramework::MenuFolderImpl&)
0700aeb0 000000c0 t CTRPluginFramework::ScrollUp(int&, CTRPluginFramework::MenuFolderImpl&, int)
0700af70 000000ec t CTRPluginFramework::ScrollDown(int&, CTRPluginFramework::MenuFolderImpl&, int)
0700b05c 0000008c t __tcf_ZZN18CTRPluginFramework14PluginMenuHomeclERSt6vectorINS_5EventESaIS2_EERiRNS_4TimeEE3top
0700b0e8 000004a4 T CTRPluginFramework::PluginMenuHome::PluginMenuHome(std::__cxx11::basic_string<char, std::char_traits<char>, std::allocator<char> >&, bool)
0700b0e8 000004a4 T CTRPluginFramework::PluginMenuHome::PluginMenuHome(std::__cxx11::basic_string<char, std::char_traits<char>, std::allocator<char> >&, bool)
0700b58c 0000031c T CTRPluginFramework::PluginMenuHome::_RenderTop()
0700b8a8 00000134 T CTRPluginFramework::PluginMenuHome::_TriggerEntry()
0700b9dc 000004a4 T CTRPluginFramework::PluginMenuHome::_ProcessEvent(CTRPluginFramework::Event&)
0700be80 00000104 T CTRPluginFramework::PluginMenuHome::_showStarredBtn_OnClick()
0700bf84 0000008c T CTRPluginFramework::PluginMenuHome::_controllerBtn_OnClick()
0700c010 0000003c T CTRPluginFramework::PluginMenuHome::_keyboardBtn_OnClick()
0700c04c 0000002c T CTRPluginFramework::PluginMenuHome::_InfoBtn_OnClick()
0700c078 000000e8 T CTRPluginFramework::PluginMenuHome::UnStar(CTRPluginFramework::MenuItem*)
0700c160 00000080 T CTRPluginFramework::PluginMenuHome::_StarItem()
0700c1e0 00000080 T CTRPluginFramework::PluginMenuHome::Init()
0700c260 00000110 T CTRPluginFramework::PluginMenuHome::AddPluginVersion(unsigned long)
0700c370 0000005c T CTRPluginFramework::PluginMenuHome::Close(CTRPluginFramework::MenuFolderImpl*)
0700c3cc 000000c0 T CTRPluginFramework::PluginMenuHome::UpdateNote()
0700c48c 0000004c t CTRPluginFramework::PluginMenuHome::operator()(std::vector<CTRPluginFramework::Event, std::allocator<CTRPluginFramework::Event> >&, int&, CTRPluginFramework::Time&)::{lambda(void*)#1}::_FUN(void*)
0700c4d8 00000088 T CTRPluginFramework::PluginMenuHome::_RenderBottom()
0700c560 000003a4 T CTRPluginFramework::PluginMenuHome::_Update(CTRPluginFramework::Time)
0700c904 00000240 T CTRPluginFramework::PluginMenuHome::operator()(std::vector<CTRPluginFramework::Event, std::allocator<CTRPluginFramework::Event> >&, int&, CTRPluginFramework::Time&)
0700cb44 00000064 t std::vector<CTRPluginFramework::MenuEntryImpl*, std::allocator<CTRPluginFramework::MenuEntryImpl*> >::erase(__gnu_cxx::__normal_iterator<CTRPluginFramework::MenuEntryImpl* const*, std::vector<CTRPluginFramework::MenuEntryImpl*, std::allocator<CTRPluginFramework::MenuEntryImpl*> > >, __gnu_cxx::__normal_iterator<CTRPluginFramework::MenuEntryImpl* const*, std::vector<CTRPluginFramework::MenuEntryImpl*, std::allocator<CTRPluginFramework::MenuEntryImpl*> > >) [clone .isra.0]
0700cba8 00000058 t CTRPluginFramework::PluginMenuExecuteLoop::Add(CTRPluginFramework::MenuEntryImpl*)::{lambda(CTRPluginFramework::MenuEntryImpl*)#1}::operator()(CTRPluginFramework::MenuEntryImpl*) const [clone .isra.0]
0700cc00 0000003c T CTRPluginFramework::PluginMenuExecuteLoop::PluginMenuExecuteLoop()
0700cc00 0000003c T CTRPluginFramework::PluginMenuExecuteLoop::PluginMenuExecuteLoop()
0700cc3c 00000238 T CTRPluginFramework::PluginMenuExecuteLoop::WriteEnabledCheatsToFile(CTRPluginFramework::Preferences::HeaderV11&, CTRPluginFramework::File&)
0700ce74 00000180 T CTRPluginFramework::PluginMenuExecuteLoop::Add(CTRPluginFramework::MenuEntryImpl*)
0700cff4 00000098 T CTRPluginFramework::PluginMenuExecuteLoop::Remove(CTRPluginFramework::MenuEntryImpl*)
0700d08c 00000100 T CTRPluginFramework::PluginMenuExecuteLoop::AddAR(CTRPluginFramework::MenuEntryActionReplay*)
0700d18c 000000e0 T CTRPluginFramework::PluginMenuExecuteLoop::RemoveAR(CTRPluginFramework::MenuEntryActionReplay*)
0700d26c 00000058 T CTRPluginFramework::PluginMenuExecuteLoop::ExecuteAR()
0700d2c4 000000d0 T CTRPluginFramework::PluginMenuExecuteLoop::operator()()
0700d394 00000018 T CTRPluginFramework::PluginMenuExecuteLoop::ExecuteBuiltin()
0700d3ac 00000014 t CTRPluginFramework::PluginMenuActionReplay::operator()(std::vector<CTRPluginFramework::Event, std::allocator<CTRPluginFramework::Event> >&, CTRPluginFramework::Time const&)::{lambda(void*)#1}::_FUN(void*)
0700d3c0 00000024 t CTRPluginFramework::PluginMenuActionReplay::Initialize()::{lambda(void*)#1}::_FUN(void*)
0700d3e4 00000100 t std::vector<unsigned long, std::allocator<unsigned long> >::operator=(std::vector<unsigned long, std::allocator<unsigned long> > const&) [clone .isra.0]
0700d4e4 00000070 t std::__cxx11::basic_string<char, std::char_traits<char>, std::allocator<char> >::basic_string<std::allocator<char> >(char const*, std::allocator<char> const&) [clone .constprop.0] [clone .isra.0]
0700d554 00000124 t CTRPluginFramework::ProcessPathString(unsigned char*)
0700d678 0000005c t CTRPluginFramework::ActionReplay_GetInput(std::__cxx11::basic_string<char, std::char_traits<char>, std::allocator<char> >&)
0700d6d4 0000005c t std::__cxx11::basic_string<char, std::char_traits<char>, std::allocator<char> >::basic_string(std::__cxx11::basic_string<char, std::char_traits<char>, std::allocator<char> >&&) [clone .isra.0]
0700d730 0000005c W CTRPluginFramework::Color::operator std::__cxx11::basic_string<char, std::char_traits<char>, std::allocator<char> >() const
0700d78c 0000024c T CTRPluginFramework::PluginMenuActionReplay::PluginMenuActionReplay()
0700d78c 0000024c T CTRPluginFramework::PluginMenuActionReplay::PluginMenuActionReplay()
0700d9d8 00000050 T CTRPluginFramework::PluginMenuActionReplay::_ProcessEvent(std::vector<CTRPluginFramework::Event, std::allocator<CTRPluginFramework::Event> >&)
0700da28 00000080 W void std::vector<std::__cxx11::basic_string<char, std::char_traits<char>, std::allocator<char> >, std::allocator<std::__cxx11::basic_string<char, std::char_traits<char>, std::allocator<char> > > >::_M_range_initialize_n<char const* const*, char const* const*>(char const* const*, char const* const*, unsigned int)
0700daa8 00000200 T CTRPluginFramework::PluginMenuActionReplay::_EditorBtn_OnClick()
0700dca8 00000158 T CTRPluginFramework::PluginMenuActionReplay::_NewBtn_OnClick()
0700de00 00000024 T CTRPluginFramework::PluginMenuActionReplay::_CutBtn_OnClick()
0700de24 00000028 T CTRPluginFramework::PluginMenuActionReplay::_PasteBtn_OnClick()
0700de4c 000000e4 T CTRPluginFramework::PluginMenuActionReplay::_TrashBtn_OnClick()
0700df30 00000120 T CTRPluginFramework::PluginMenuActionReplay::SaveCodes()
0700e050 000001cc T CTRPluginFramework::PluginMenuActionReplay::_OpenFileBtn_OnClick()
0700e21c 00000030 W CTRPluginFramework::ARCode::~ARCode()
0700e21c 00000030 W CTRPluginFramework::ARCode::~ARCode()
0700e24c 00000230 T CTRPluginFramework::PluginMenuActionReplay::_DuplicateBtn_OnClick()
0700e47c 00000034 T CTRPluginFramework::PluginMenuActionReplay::Initialize()
0700e4b0 00000014 t __tcf_ZZN18CTRPluginFramework22PluginMenuActionReplayclERSt6vectorINS_5EventESaIS2_EERKNS_4TimeEE3top
0700e4c4 000000dc W void std::vector<CTRPluginFramework::ARCode, std::allocator<CTRPluginFramework::ARCode> >::_M_realloc_append<CTRPluginFramework::ARCode>(CTRPluginFramework::ARCode&&)
0700e5a0 00000038 t CTRPluginFramework::ARCode& std::vector<CTRPluginFramework::ARCode, std::allocator<CTRPluginFramework::ARCode> >::emplace_back<CTRPluginFramework::ARCode>(CTRPluginFramework::ARCode&&) [clone .isra.0]
0700e5d8 00000144 T CTRPluginFramework::PluginMenuActionReplay::NewARCode(unsigned char, unsigned long, unsigned long)
0700e71c 000000d0 T CTRPluginFramework::PluginMenuActionReplay::_DrawBottom()
0700e7ec 000001ac T CTRPluginFramework::PluginMenuActionReplay::_Update(CTRPluginFramework::Time const&)
0700e998 0000019c T CTRPluginFramework::PluginMenuActionReplay::operator()(std::vector<CTRPluginFramework::Event, std::allocator<CTRPluginFramework::Event> >&, CTRPluginFramework::Time const&)
0700eb34 00000010 T CTRPluginFramework::MenuItem::NoteChanged()
0700eb44 00000010 T CTRPluginFramework::MenuItem::HasNoteChanged() const
0700eb54 00000010 T CTRPluginFramework::MenuItem::HandledNoteChanges()
0700eb64 00000008 W CTRPluginFramework::MenuItem::GetNote[abi:cxx11]()
0700eb6c 00000030 W CTRPluginFramework::MenuItem::~MenuItem()
0700eb6c 00000030 W CTRPluginFramework::MenuItem::~MenuItem()
0700eb9c 00000020 W CTRPluginFramework::MenuItem::~MenuItem()
0700ebbc 000000d8 T CTRPluginFramework::MenuFolderImpl::~MenuFolderImpl()
0700ebbc 000000d8 T CTRPluginFramework::MenuFolderImpl::~MenuFolderImpl()
0700ec94 00000020 T CTRPluginFramework::MenuFolderImpl::~MenuFolderImpl()
0700ecb4 000000cc T CTRPluginFramework::MenuFolderImpl::MenuFolderImpl(std::__cxx11::basic_string<char, std::char_traits<char>, std::allocator<char> > const&, std::__cxx11::basic_string<char, std::char_traits<char>, std::allocator<char> > const&)
0700ecb4 000000cc T CTRPluginFramework::MenuFolderImpl::MenuFolderImpl(std::__cxx11::basic_string<char, std::char_traits<char>, std::allocator<char> > const&, std::__cxx11::basic_string<char, std::char_traits<char>, std::allocator<char> > const&)
0700ed80 000000d0 T CTRPluginFramework::MenuFolderImpl::Append(CTRPluginFramework::MenuItem*, bool)
0700ee50 00000010 T CTRPluginFramework::MenuFolderImpl::ItemsCount() const
0700ee60 00000054 T CTRPluginFramework::MenuFolderImpl::GetItem(unsigned long)
0700eeb4 00000018 T CTRPluginFramework::MenuFolderImpl::operator[](unsigned long)
0700eecc 00000024 T CTRPluginFramework::MenuFolderImpl::HasParent()
0700eef0 000000b0 T CTRPluginFramework::MenuFolderImpl::Clear()
0700efa0 00000010 T CTRPluginFramework::MenuFolderImpl::_Open(CTRPluginFramework::MenuFolderImpl*, int, bool)
0700efb0 00000020 T CTRPluginFramework::MenuFolderImpl::_Close(int&, bool)
0700efd0 00000028 T CTRPluginFramework::MenuEntryImpl::~MenuEntryImpl()
0700efd0 00000028 T CTRPluginFramework::MenuEntryImpl::~MenuEntryImpl()
0700eff8 00000014 T CTRPluginFramework::MenuEntryImpl::Disable()
0700f00c 00000020 T CTRPluginFramework::MenuEntryImpl::~MenuEntryImpl()
0700f02c 0000005c t std::__cxx11::basic_string<char, std::char_traits<char>, std::allocator<char> >::basic_string(std::__cxx11::basic_string<char, std::char_traits<char>, std::allocator<char> >&&) [clone .isra.0]
0700f088 000001b0 T CTRPluginFramework::MenuEntryImpl::GetNote[abi:cxx11]()
0700f238 000000e4 T CTRPluginFramework::MenuEntryImpl::MenuEntryImpl(std::__cxx11::basic_string<char, std::char_traits<char>, std::allocator<char> > const&, std::__cxx11::basic_string<char, std::char_traits<char>, std::allocator<char> > const&, CTRPluginFramework::MenuEntry*)
0700f238 000000e4 T CTRPluginFramework::MenuEntryImpl::MenuEntryImpl(std::__cxx11::basic_string<char, std::char_traits<char>, std::allocator<char> > const&, std::__cxx11::basic_string<char, std::char_traits<char>, std::allocator<char> > const&, CTRPluginFramework::MenuEntry*)
0700f31c 00000008 T CTRPluginFramework::MenuEntryImpl::GetArg() const
0700f324 00000014 T CTRPluginFramework::MenuEntryImpl::WasJustActivated() const
0700f338 0000000c T CTRPluginFramework::MenuEntryImpl::IsActivated() const
0700f344 00000008 T CTRPluginFramework::MenuEntryImpl::AsMenuEntry() const
0700f34c 00000024 T CTRPluginFramework::MenuEntryImpl::_TriggerState()
0700f370 00000030 T CTRPluginFramework::MenuEntryImpl::Enable()
0700f3a0 0000001c T CTRPluginFramework::MenuEntryImpl::_MustBeRemoved() const
0700f3bc 00000068 T CTRPluginFramework::MenuEntryImpl::_Execute()
0700f424 00000018 W CTRPluginFramework::Clock::Clock()
0700f424 00000018 W CTRPluginFramework::Clock::Clock()
0700f43c 000000e0 T CTRPluginFramework::Menu::Menu(std::__cxx11::basic_string<char, std::char_traits<char>, std::allocator<char> > const&, std::__cxx11::basic_string<char, std::char_traits<char>, std::allocator<char> > const&, int (*)(int, int))
0700f43c 000000e0 T CTRPluginFramework::Menu::Menu(std::__cxx11::basic_string<char, std::char_traits<char>, std::allocator<char> > const&, std::__cxx11::basic_string<char, std::char_traits<char>, std::allocator<char> > const&, int (*)(int, int))
0700f51c 0000012c T CTRPluginFramework::Menu::Menu(CTRPluginFramework::MenuFolderImpl*, int (*)(int, int))
0700f51c 0000012c T CTRPluginFramework::Menu::Menu(CTRPluginFramework::MenuFolderImpl*, int (*)(int, int))
0700f648 0000003c T CTRPluginFramework::Menu::Open(CTRPluginFramework::MenuFolderImpl*, int)
0700f684 00000054 T CTRPluginFramework::Menu::CloseAll()
0700f6d8 00000030 T CTRPluginFramework::Menu::~Menu()
0700f6d8 00000030 T CTRPluginFramework::Menu::~Menu()
0700f708 0000000c T CTRPluginFramework::Menu::Append(CTRPluginFramework::MenuItem*) const
0700f714 00000008 T CTRPluginFramework::Menu::GetFolder() const
0700f71c 00000008 T CTRPluginFramework::Menu::GetRootFolder() const
0700f724 00000040 T CTRPluginFramework::Menu::GetSelectedItem()
0700f764 00000390 T CTRPluginFramework::Menu::Draw() const
0700faf4 000000a0 T CTRPluginFramework::Menu::_ScrollUp(int)
0700fb94 00000088 T CTRPluginFramework::Menu::_ScrollDown(int)
0700fc1c 00000240 T CTRPluginFramework::Menu::ProcessEvent(CTRPluginFramework::Event&, CTRPluginFramework::MenuItem**)
0700fe5c 0000016c T CTRPluginFramework::Menu::Update(CTRPluginFramework::Time const&)
0700ffc8 00000064 T CTRPluginFramework::Menu::ShowNote()
0701002c 00000008 T CTRPluginFramework::Menu::CloseNote()
07010034 00000008 T CTRPluginFramework::Menu::IsNoteOpen()
0701003c 00000164 T CTRPluginFramework::Menu::Insert(CTRPluginFramework::MenuItem*)
070101a0 00000054 W std::vector<CTRPluginFramework::MenuItem*, std::allocator<CTRPluginFramework::MenuItem*> >::_M_erase(__gnu_cxx::__normal_iterator<CTRPluginFramework::MenuItem**, std::vector<CTRPluginFramework::MenuItem*, std::allocator<CTRPluginFramework::MenuItem*> > >)
070101f4 00000044 T CTRPluginFramework::Menu::Pop()
07010238 00000038 t CTRPluginFramework::TouchKey* std::__uninitialized_move_if_noexcept_a<CTRPluginFramework::TouchKey*, CTRPluginFramework::TouchKey*, std::allocator<CTRPluginFramework::TouchKey> >(CTRPluginFramework::TouchKey*, CTRPluginFramework::TouchKey*, CTRPluginFramework::TouchKey*, std::allocator<CTRPluginFramework::TouchKey>&) [clone .isra.0]
07010270 00000040 t std::_Vector_base<CTRPluginFramework::TouchKey, std::allocator<CTRPluginFramework::TouchKey> >::_M_allocate(unsigned int) [clone .isra.0]
070102b0 000000b0 t std::vector<CTRPluginFramework::TouchKeyString*, std::allocator<CTRPluginFramework::TouchKeyString*> >::push_back(CTRPluginFramework::TouchKeyString* const&) [clone .isra.0]
07010360 000000ec t std::__cxx11::basic_string<char, std::char_traits<char>, std::allocator<char> >::_M_replace(unsigned int, unsigned int, char const*, unsigned int) [clone .isra.0]
0701044c 0000003c t std::__cxx11::basic_string<char, std::char_traits<char>, std::allocator<char> >::replace(unsigned int, unsigned int, char const*, unsigned int) [clone .isra.0]
07010488 00000034 t std::__cxx11::basic_string<char, std::char_traits<char>, std::allocator<char> >::operator=(char const*) [clone .isra.0]
070104bc 000000ac t void std::vector<float, std::allocator<float> >::_M_realloc_append<float const&>(float const&) [clone .isra.0]
07010568 000001ec T CTRPluginFramework::KeyboardImpl::KeyboardImpl(std::__cxx11::basic_string<char, std::char_traits<char>, std::allocator<char> > const&)
07010568 000001ec T CTRPluginFramework::KeyboardImpl::KeyboardImpl(std::__cxx11::basic_string<char, std::char_traits<char>, std::allocator<char> > const&)
07010754 000001f4 T CTRPluginFramework::KeyboardImpl::KeyboardImpl(CTRPluginFramework::Keyboard*, std::__cxx11::basic_string<char, std::char_traits<char>, std::allocator<char> > const&)
07010754 000001f4 T CTRPluginFramework::KeyboardImpl::KeyboardImpl(CTRPluginFramework::Keyboard*, std::__cxx11::basic_string<char, std::char_traits<char>, std::allocator<char> > const&)
07010948 00000008 T CTRPluginFramework::KeyboardImpl::IsHexadecimal() const
07010950 00000008 T CTRPluginFramework::KeyboardImpl::SetMaxInput(unsigned long)
07010958 00000008 T CTRPluginFramework::KeyboardImpl::GetInput[abi:cxx11]()
07010960 00000008 T CTRPluginFramework::KeyboardImpl::GetMessage[abi:cxx11]()
07010968 00000008 T CTRPluginFramework::KeyboardImpl::SetConvertCallback(void* (*)(std::__cxx11::basic_string<char, std::char_traits<char>, std::allocator<char> >&, bool))
07010970 00000008 T CTRPluginFramework::KeyboardImpl::OnKeyboardEvent(void (*)(CTRPluginFramework::Keyboard&, CTRPluginFramework::KeyboardEvent&))
07010978 0000005c T CTRPluginFramework::KeyboardImpl::Clear()
070109d4 000001cc T CTRPluginFramework::KeyboardImpl::_RenderTop()
07010ba0 000004e0 T CTRPluginFramework::KeyboardImpl::_RenderBottom()
07011080 000001cc T CTRPluginFramework::KeyboardImpl::_UpdateScroll(float, bool)
0701124c 00000040 W std::vector<CTRPluginFramework::TouchKey, std::allocator<CTRPluginFramework::TouchKey> >::at(unsigned int)
0701128c 0000006c T CTRPluginFramework::UnitsToNextChar(char const*, int)
070112f8 00000094 T CTRPluginFramework::UnitsToPreviousChar(char const*, int)
0701138c 00000078 T CTRPluginFramework::KeyboardImpl::_ScrollUp()
07011404 0000007c T CTRPluginFramework::KeyboardImpl::_ScrollDown()
07011480 00000168 T CTRPluginFramework::KeyboardImpl::_UpdateScrollInfos()
070115e8 00000068 T CTRPluginFramework::KeyboardImpl::_CheckInput()
07011650 00000090 T CTRPluginFramework::KeyboardImpl::_CheckButtons(int&)
070116e0 000000a8 T CTRPluginFramework::KeyboardImpl::_ChangeManualKey(int, bool)
07011788 0000055c T CTRPluginFramework::KeyboardImpl::_HandleManualKeyPress(CTRPluginFramework::Key)
07011ce4 0000009c T CTRPluginFramework::KeyboardImpl::_GetEffectiveKeyRange()
07011d80 000000f0 T CTRPluginFramework::KeyboardImpl::_Update(float)
07011e70 00000058 T CTRPluginFramework::KeyboardImpl::_Select(CTRPluginFramework::TouchKey*)
07011ec8 00000390 T CTRPluginFramework::KeyboardImpl::_CalcSelect(CTRPluginFramework::SelectMode, unsigned short, unsigned short)
07012258 0000012c T CTRPluginFramework::KeyboardImpl::_Backspace()
07012384 00000540 T CTRPluginFramework::KeyboardImpl::_CheckKeys()
070128c4 00000070 T CTRPluginFramework::KeyboardImpl::operator()(int&)
07012934 00000008 T CTRPluginFramework::KeyboardImpl::CanChangeLayout(bool)
0701293c 00000028 W std::_Vector_base<int, std::allocator<int> >::~_Vector_base()
0701293c 00000028 W std::_Vector_base<int, std::allocator<int> >::~_Vector_base()
07012964 0000008c T CTRPluginFramework::KeyboardImpl::~KeyboardImpl()
07012964 0000008c T CTRPluginFramework::KeyboardImpl::~KeyboardImpl()
070129f0 00000028 W std::_Vector_base<float, std::allocator<float> >::~_Vector_base()
070129f0 00000028 W std::_Vector_base<float, std::allocator<float> >::~_Vector_base()
07012a18 00000308 T CTRPluginFramework::KeyboardImpl::Populate(std::vector<std::__cxx11::basic_string<char, std::char_traits<char>, std::allocator<char> >, std::allocator<std::__cxx11::basic_string<char, std::char_traits<char>, std::allocator<char> > > > const&, bool)
07012d20 00000074 W CTRPluginFramework::Rect<int>::Contains(int, int) const
07012d94 00000054 W std::vector<CTRPluginFramework::TouchKey, std::allocator<CTRPluginFramework::TouchKey> >::_M_check_len(unsigned int, char const*) const
07012de8 0000002c W std::vector<CTRPluginFramework::TouchKey, std::allocator<CTRPluginFramework::TouchKey> >::_Guard_alloc::~_Guard_alloc()
07012de8 0000002c W std::vector<CTRPluginFramework::TouchKey, std::allocator<CTRPluginFramework::TouchKey> >::_Guard_alloc::~_Guard_alloc()
07012e14 0000005c W CTRPluginFramework::TouchKey* std::construct_at<CTRPluginFramework::TouchKey, char const (&) [4], CTRPluginFramework::Rect<int>&, CTRPluginFramework::Keyboard::SpecialCodePoints::{unnamed type#1}>(CTRPluginFramework::TouchKey, char const (&) [4], CTRPluginFramework::Rect<int>&, CTRPluginFramework::Keyboard::SpecialCodePoints::{unnamed type#1}&&)
07012e14 0000005c W _ZSt12construct_atIN18CTRPluginFramework8TouchKeyEJRA4_KcRNS0_4RectIiEENS0_8Keyboard17SpecialCodePointsUt_EEQaant20is_unbounded_array_vIT_ErqXgsnwcvPvLi0E_SB_pispcl7declvalIT0_EEEEEPSB_SE_DpOSD_
07012e70 00000058 W CTRPluginFramework::TouchKey* std::construct_at<CTRPluginFramework::TouchKey, char const (&) [3], CTRPluginFramework::Rect<int>&>(CTRPluginFramework::TouchKey*, char const (&) [3], CTRPluginFramework::Rect<int>&)
07012e70 00000058 W _ZSt12construct_atIN18CTRPluginFramework8TouchKeyEJRA3_KcRNS0_4RectIiEEEQaant20is_unbounded_array_vIT_ErqXgsnwcvPvLi0E_S8_pispcl7declvalIT0_EEEEEPS8_SB_DpOSA_
07012ec8 00000058 W CTRPluginFramework::TouchKey* std::construct_at<CTRPluginFramework::TouchKey, char const (&) [4], CTRPluginFramework::Rect<int>&>(CTRPluginFramework::TouchKey*, char const (&) [4], CTRPluginFramework::Rect<int>&)
07012ec8 00000058 W _ZSt12construct_atIN18CTRPluginFramework8TouchKeyEJRA4_KcRNS0_4RectIiEEEQaant20is_unbounded_array_vIT_ErqXgsnwcvPvLi0E_S8_pispcl7declvalIT0_EEEEEPS8_SB_DpOSA_
07012f20 0000002c W void std::_Destroy<CTRPluginFramework::TouchKey*>(CTRPluginFramework::TouchKey*, CTRPluginFramework::TouchKey*)
07012f4c 0000011c t CTRPluginFramework::TouchKey& std::vector<CTRPluginFramework::TouchKey, std::allocator<CTRPluginFramework::TouchKey> >::emplace_back<CTRPluginFramework::Keyboard::SpecialCodePoints::{unnamed type#1}, int (&)(int, int, bool), CTRPluginFramework::Rect<int>&>(CTRPluginFramework::Keyboard::SpecialCodePoints::{unnamed type#1}&&, int (&)(int, int, bool), CTRPluginFramework::Rect<int>&) [clone .isra.0]
07013068 00000108 t CTRPluginFramework::TouchKey& std::vector<CTRPluginFramework::TouchKey, std::allocator<CTRPluginFramework::TouchKey> >::emplace_back<char, CTRPluginFramework::Rect<int>&>(char&&, CTRPluginFramework::Rect<int>&) [clone .isra.0]
07013170 000000e0 t CTRPluginFramework::TouchKey& std::vector<CTRPluginFramework::TouchKey, std::allocator<CTRPluginFramework::TouchKey> >::emplace_back<char const (&) [4], CTRPluginFramework::Rect<int>&, CTRPluginFramework::Keyboard::SpecialCodePoints::{unnamed type#1}>(char const (&) [4], CTRPluginFramework::Rect<int>&, CTRPluginFramework::Keyboard::SpecialCodePoints::{unnamed type#1}&&) [clone .isra.0]
07013250 000004d0 T CTRPluginFramework::KeyboardImpl::_QwertyUpCase()
07013720 000004d0 T CTRPluginFramework::KeyboardImpl::_QwertyLowCase()
07013bf0 000000dc t CTRPluginFramework::TouchKey& std::vector<CTRPluginFramework::TouchKey, std::allocator<CTRPluginFramework::TouchKey> >::emplace_back<char const (&) [4], CTRPluginFramework::Rect<int>&>(char const (&) [4], CTRPluginFramework::Rect<int>&) [clone .isra.0]
07013ccc 0000082c T CTRPluginFramework::KeyboardImpl::_QwertyNintendo()
070144f8 000000dc t CTRPluginFramework::TouchKey& std::vector<CTRPluginFramework::TouchKey, std::allocator<CTRPluginFramework::TouchKey> >::emplace_back<char const (&) [3], CTRPluginFramework::Rect<int>&>(char const (&) [3], CTRPluginFramework::Rect<int>&) [clone .isra.0]
070145d4 00000978 T CTRPluginFramework::KeyboardImpl::_QwertySymbols()
07014f4c 00000060 T CTRPluginFramework::KeyboardImpl::_Qwerty()
07014fac 00000108 t CTRPluginFramework::TouchKey& std::vector<CTRPluginFramework::TouchKey, std::allocator<CTRPluginFramework::TouchKey> >::emplace_back<char&, CTRPluginFramework::Rect<int>&>(char&, CTRPluginFramework::Rect<int>&) [clone .isra.0]
070150b4 0000017c T CTRPluginFramework::KeyboardImpl::_DigitKeyboard(std::vector<CTRPluginFramework::TouchKey, std::allocator<CTRPluginFramework::TouchKey> >&)
07015230 00000084 T CTRPluginFramework::KeyboardImpl::_Decimal()
070152b4 00000074 T CTRPluginFramework::KeyboardImpl::_Hexadecimal()
07015328 00000050 T CTRPluginFramework::KeyboardImpl::SetLayout(CTRPluginFramework::Layout, bool)
07015378 000005b8 T CTRPluginFramework::KeyboardImpl::_ProcessEvent(CTRPluginFramework::Event&)
07015930 000003bc T CTRPluginFramework::KeyboardImpl::Run()
07015cec 00000030 W std::vector<CTRPluginFramework::TouchKey, std::allocator<CTRPluginFramework::TouchKey> >::~vector()
07015cec 00000030 W std::vector<CTRPluginFramework::TouchKey, std::allocator<CTRPluginFramework::TouchKey> >::~vector()
07015d1c 00000014 t _GLOBAL__sub_I__ZN18CTRPluginFramework12KeyboardImpl12_DecimalKeysE
07015d30 0000002c t _GLOBAL__sub_D__ZN18CTRPluginFramework12KeyboardImpl12_DecimalKeysE
07015d5c 00000004 W CTRPluginFramework::HexEditor::AsmView::~AsmView()
07015d5c 00000004 W CTRPluginFramework::HexEditor::AsmView::~AsmView()
07015d60 00000004 W CTRPluginFramework::HexEditor::IntegerView::~IntegerView()
07015d60 00000004 W CTRPluginFramework::HexEditor::IntegerView::~IntegerView()
07015d64 00000004 W CTRPluginFramework::HexEditor::ByteView::~ByteView()
07015d64 00000004 W CTRPluginFramework::HexEditor::ByteView::~ByteView()
07015d68 00000018 W CTRPluginFramework::HexEditor::AsmView::~AsmView()
07015d80 00000018 W CTRPluginFramework::HexEditor::IntegerView::~IntegerView()
07015d98 00000018 W CTRPluginFramework::HexEditor::ByteView::~ByteView()
07015db0 0000019c T CTRPluginFramework::HexEditor::ByteView::Draw()
07015f4c 0000013c T CTRPluginFramework::HexEditor::AsmView::Draw()
07016088 000000f4 T CTRPluginFramework::HexEditor::IntegerView::Draw()
0701617c 00000094 t std::__cxx11::basic_string<char, std::char_traits<char>, std::allocator<char> >::operator+=(std::__cxx11::basic_string<char, std::char_traits<char>, std::allocator<char> > const&) [clone .isra.0]
07016210 000000b0 t std::vector<unsigned long, std::allocator<unsigned long> >::push_back(unsigned long const&) [clone .isra.0]
070162c0 0000005c t std::__cxx11::basic_string<char, std::char_traits<char>, std::allocator<char> >::basic_string(std::__cxx11::basic_string<char, std::char_traits<char>, std::allocator<char> >&&) [clone .isra.0]
0701631c 00000264 T CTRPluginFramework::HexEditor::_RenderTop(void*)
07016580 000001d0 T CTRPluginFramework::HexEditor::IntegerView::UpdateView()
07016750 0000024c T CTRPluginFramework::HexEditor::ByteView::UpdateView()
0701699c 00000250 T CTRPluginFramework::HexEditor::AsmView::UpdateView()
07016bec 0000011c T CTRPluginFramework::HexEditor::~HexEditor()
07016bec 0000011c T CTRPluginFramework::HexEditor::~HexEditor()
07016d08 000000bc T CTRPluginFramework::HexEditor::_CreateCheat()
07016dc4 0000004c T CTRPluginFramework::HexEditor::_SaveThisAddress()
07016e10 0000001c T CTRPluginFramework::HexEditor::_ClearHistory()
07016e2c 00000074 T CTRPluginFramework::HexEditor::Goto(unsigned long, bool)
07016ea0 0000002c T CTRPluginFramework::HexEditor::_MoveBackward()
07016ecc 00000038 T CTRPluginFramework::HexEditor::_MoveForward()
07016f08 000001d8 T CTRPluginFramework::HexEditor::HexEditor(unsigned long)
07016f08 000001d8 T CTRPluginFramework::HexEditor::HexEditor(unsigned long)
070170e0 00000248 T CTRPluginFramework::HexEditor::_BrowseHistory()
07017328 00000010 T CTRPluginFramework::HexEditor::Refresh()
07017338 00000044 T CTRPluginFramework::HexEditor::_ApplyChanges()
0701737c 00000038 T CTRPluginFramework::HexEditor::_DiscardChanges()
070173b4 00000168 T CTRPluginFramework::HexEditor::_PromptForAddress(int)
0701751c 0000002c T CTRPluginFramework::HexEditor::_GetSelectedItem()
07017548 000000e0 T CTRPluginFramework::HexEditor::_JumpTo(int)
07017628 00000080 T CTRPluginFramework::HexEditor::Context::ScrollUp(unsigned long, bool)
070176a8 00000090 T CTRPluginFramework::HexEditor::Context::ScrollDown(unsigned long, bool)
07017738 000000d4 T CTRPluginFramework::HexEditor::ByteView::EditValueAtCursor(unsigned long)
0701780c 000000c0 T CTRPluginFramework::HexEditor::IntegerView::EditValueAtCursor(unsigned long)
070178cc 000000b0 T CTRPluginFramework::HexEditor::AsmView::EditValueAtCursor(unsigned long)
0701797c 00000190 T CTRPluginFramework::HexEditor::IView::ProcessEventsCommon(CTRPluginFramework::HexEditor::Context&, CTRPluginFramework::Event&, short)
07017b0c 00000010 T CTRPluginFramework::HexEditor::ByteView::ProcessEvent(CTRPluginFramework::Event&)
07017b1c 00000010 T CTRPluginFramework::HexEditor::IntegerView::ProcessEvent(CTRPluginFramework::Event&)
07017b2c 00000010 T CTRPluginFramework::HexEditor::AsmView::ProcessEvent(CTRPluginFramework::Event&)
07017b3c 00000070 T CTRPluginFramework::HexEditor::_RenderBottom()
07017bac 00000040 W std::vector<CTRPluginFramework::HexEditor::Item, std::allocator<CTRPluginFramework::HexEditor::Item> >::_M_erase_at_end(CTRPluginFramework::HexEditor::Item*)
07017bec 00000068 T CTRPluginFramework::HexEditor::SetView(unsigned long)
07017c54 000000d4 T CTRPluginFramework::HexEditor::_ProcessEvent(CTRPluginFramework::Event&)
07017d28 00000054 W CTRPluginFramework::HexEditor::Item* std::__uninitialized_default_n_1<false>::__uninit_default_n<CTRPluginFramework::HexEditor::Item*, unsigned int>(CTRPluginFramework::HexEditor::Item*, unsigned int)
07017d7c 0000017c W std::vector<CTRPluginFramework::HexEditor::Item, std::allocator<CTRPluginFramework::HexEditor::Item> >::_M_default_append(unsigned int)
07017ef8 000001b8 T CTRPluginFramework::HexEditor::_Update()
070180b0 000001e0 T CTRPluginFramework::HexEditor::operator()(std::vector<CTRPluginFramework::Event, std::allocator<CTRPluginFramework::Event> >&)
07018290 0000005c t std::__cxx11::basic_string<char, std::char_traits<char>, std::allocator<char> >::basic_string(std::__cxx11::basic_string<char, std::char_traits<char>, std::allocator<char> >&&) [clone .isra.0]
070182ec 00000068 W std::__cxx11::basic_string<char, std::char_traits<char>, std::allocator<char> > std::operator+<char, std::char_traits<char>, std::allocator<char> >(std::__cxx11::basic_string<char, std::char_traits<char>, std::allocator<char> > const&, char const*)
07018354 000000c8 T CTRPluginFramework::GuideReader::_LoadBMP()
0701841c 00000034 W std::vector<std::__cxx11::basic_string<char, std::char_traits<char>, std::allocator<char> >, std::allocator<std::__cxx11::basic_string<char, std::char_traits<char>, std::allocator<char> > > >::clear()
07018450 000003cc t CTRPluginFramework::GuideReader::_ProcessEvent(CTRPluginFramework::Event&) [clone .part.0]
0701881c 00000018 T CTRPluginFramework::GuideReader::_ProcessEvent(CTRPluginFramework::Event&)
07018834 00000054 W void std::__cxx11::basic_string<char, std::char_traits<char>, std::allocator<char> >::_M_construct<true>(char const*, unsigned int)
07018888 000002d8 t CTRPluginFramework::CreateFolder(std::__cxx11::basic_string<char, std::char_traits<char>, std::allocator<char> >)
07018b60 000001e0 T CTRPluginFramework::GuideReader::GuideReader()
07018b60 000001e0 T CTRPluginFramework::GuideReader::GuideReader()
07018d40 00000158 T CTRPluginFramework::GuideReader::Draw()
07018e98 00000074 T CTRPluginFramework::GuideReader::operator()(std::vector<CTRPluginFramework::Event, std::allocator<CTRPluginFramework::Event> >&, CTRPluginFramework::Time&)
07018f0c 000000d8 T CTRPluginFramework::Converter::Converter()
07018f0c 000000d8 T CTRPluginFramework::Converter::Converter()
07018fe4 00000010 T CTRPluginFramework::Converter::Instance()
07018ff4 00000108 T CTRPluginFramework::Converter::_Draw()
070190fc 00000050 W std::_Deque_base<CTRPluginFramework::Event, std::allocator<CTRPluginFramework::Event> >::~_Deque_base()
070190fc 00000050 W std::_Deque_base<CTRPluginFramework::Event, std::allocator<CTRPluginFramework::Event> >::~_Deque_base()
0701914c 00000218 T CTRPluginFramework::Converter::operator()(unsigned long)
07019364 00000210 W CTRPluginFramework::Icon::DrawImg(unsigned char*, int, int, int, int)
07019574 0000002c T CTRPluginFramework::Icon::DrawAbout(int, int)
070195a0 0000003c T CTRPluginFramework::Icon::DrawCapsLockOn(int, int, bool)
070195dc 0000003c T CTRPluginFramework::Icon::DrawCheckBox(int, int, bool)
07019618 0000003c T CTRPluginFramework::Icon::DrawClearSymbol(int, int, bool)
07019654 0000003c T CTRPluginFramework::Icon::DrawClipboard(int, int, bool)
07019690 0000003c T CTRPluginFramework::Icon::DrawClose(int, int, bool)
070196cc 0000002c T CTRPluginFramework::Icon::DrawController(int, int)
070196f8 0000003c T CTRPluginFramework::Icon::DrawCut(int, int, bool)
07019734 0000003c T CTRPluginFramework::Icon::DrawDuplicate(int, int, bool)
07019770 0000003c T CTRPluginFramework::Icon::DrawEdit(int, int, bool)
070197ac 0000003c T CTRPluginFramework::Icon::DrawEnterKey(int, int, bool)
070197e8 0000002c T CTRPluginFramework::Icon::DrawFolder(int, int)
07019814 0000003c T CTRPluginFramework::Icon::DrawAddFavorite(int, int, bool)
07019850 0000002c T CTRPluginFramework::Icon::DrawFavorite(int, int)
0701987c 0000002c T CTRPluginFramework::Icon::DrawFile(int, int)
070198a8 0000002c T CTRPluginFramework::Icon::DrawGameController(int, int)
070198d4 0000003c T CTRPluginFramework::Icon::DrawGameController25(int, int, bool)
07019910 0000002c T CTRPluginFramework::Icon::DrawGrid(int, int)
0701993c 0000003c T CTRPluginFramework::Icon::DrawInfo(int, int, bool)
07019978 0000002c T CTRPluginFramework::Icon::DrawGuide(int, int)
070199a4 00000034 T CTRPluginFramework::Icon::DrawHandCursor(int, int)
070199d8 0000003c T CTRPluginFramework::Icon::DrawKeyboard(int, int, bool)
07019a14 0000002c T CTRPluginFramework::Icon::DrawMore(int, int)
07019a40 0000003c T CTRPluginFramework::Icon::DrawPlus(int, int, bool)
07019a7c 0000002c T CTRPluginFramework::Icon::DrawRAM(int, int)
07019aa8 0000002c T CTRPluginFramework::Icon::DrawRestart(int, int)
07019ad4 0000002c T CTRPluginFramework::Icon::DrawRocket(int, int)
07019b00 0000002c T CTRPluginFramework::Icon::DrawSave(int, int)
07019b2c 0000002c T CTRPluginFramework::Icon::DrawSearch(int, int)
07019b58 0000002c T CTRPluginFramework::Icon::DrawSettings(int, int)
07019b84 0000002c T CTRPluginFramework::Icon::DrawShutdown(int, int)
07019bb0 0000002c T CTRPluginFramework::Icon::DrawTools(int, int)
07019bdc 0000003c T CTRPluginFramework::Icon::DrawTrash(int, int, bool)
07019c18 0000002c T CTRPluginFramework::Icon::DrawUnsplash(int, int)
07019c44 0000001c T CTRPluginFramework::Icon::DrawCustomIcon(CTRPluginFramework::CustomIcon const&, int, int)
07019c60 00000034 t _GLOBAL__sub_I__ZN18CTRPluginFramework4Icon17DefaultCustomIconE
07019c94 000000bc T CTRPluginFramework::Window::Window(unsigned long, unsigned long, unsigned long, unsigned long, bool, CTRPluginFramework::BMPImage*)
07019c94 000000bc T CTRPluginFramework::Window::Window(unsigned long, unsigned long, unsigned long, unsigned long, bool, CTRPluginFramework::BMPImage*)
07019d50 00000028 T CTRPluginFramework::Window::~Window()
07019d50 00000028 T CTRPluginFramework::Window::~Window()
07019d78 00000064 T CTRPluginFramework::Window::Draw() const
07019ddc 000000d8 T CTRPluginFramework::Window::Draw(std::__cxx11::basic_string<char, std::char_traits<char>, std::allocator<char> > const&) const
07019eb4 00000018 T CTRPluginFramework::Window::DrawButton() const
07019ecc 00000018 T CTRPluginFramework::Window::Update(bool, CTRPluginFramework::Vector<int> const&) const
07019ee4 00000018 T CTRPluginFramework::Window::MustClose() const
07019efc 0000002c T CTRPluginFramework::Window::Close() const
07019f28 00000004 T CTRPluginFramework::Window::GetRect() const
07019f2c 00000034 T CTRPluginFramework::Window::UpdateBackgrounds()
07019f60 00000080 t _GLOBAL__sub_I__ZN18CTRPluginFramework6Window12BottomWindowE
07019fe0 00000020 t _GLOBAL__sub_D__ZN18CTRPluginFramework6Window12BottomWindowE
0701a000 00000014 T CTRPluginFramework::UIContainer::UIContainer()
0701a000 00000014 T CTRPluginFramework::UIContainer::UIContainer()
0701a014 00000028 T CTRPluginFramework::UIContainer::~UIContainer()
0701a014 00000028 T CTRPluginFramework::UIContainer::~UIContainer()
0701a03c 000000b4 T CTRPluginFramework::UIContainer::operator+=(CTRPluginFramework::Drawable*)
0701a0f0 00000024 T CTRPluginFramework::UIContainer::Draw()
0701a114 00000034 T CTRPluginFramework::UIContainer::Update(bool, CTRPluginFramework::Vector<int> const&)
0701a148 00000074 T CTRPluginFramework::TouchKeyString::TouchKeyString(CTRPluginFramework::Rect<int>, bool)
0701a148 00000074 T CTRPluginFramework::TouchKeyString::TouchKeyString(CTRPluginFramework::Rect<int>, bool)
0701a1bc 000000a4 T CTRPluginFramework::TouchKeyString::TouchKeyString(std::__cxx11::basic_string<char, std::char_traits<char>, std::allocator<char> > const&, CTRPluginFramework::Rect<int>, bool)
0701a1bc 000000a4 T CTRPluginFramework::TouchKeyString::TouchKeyString(std::__cxx11::basic_string<char, std::char_traits<char>, std::allocator<char> > const&, CTRPluginFramework::Rect<int>, bool)
0701a260 00000008 T CTRPluginFramework::TouchKeyString::ForcePressed(bool)
0701a268 00000030 T CTRPluginFramework::TouchKeyString::CanUse()
0701a298 000000cc T CTRPluginFramework::TouchKeyString::Draw()
0701a364 000000e4 T CTRPluginFramework::TouchKeyString::Update(bool, CTRPluginFramework::Vector<int> const&)
0701a448 00000018 T CTRPluginFramework::TouchKeyString::Scroll(float)
0701a460 00000014 T CTRPluginFramework::TouchKeyString::GetPosition(unsigned short&, float&)
0701a474 00000018 T CTRPluginFramework::TouchKeyString::SetPosition(unsigned short, float)
0701a48c 00000048 T CTRPluginFramework::TouchKeyString::operator()()
0701a4d4 00000008 T CTRPluginFramework::TouchKeyString::GetAcceptSoundEvent()
0701a4dc 00000008 W CTRPluginFramework::Drawable::operator()()
0701a4e4 00000144 T CTRPluginFramework::TouchKey::Update(bool, CTRPluginFramework::Vector<int> const&)
0701a628 00000134 W CTRPluginFramework::KeyContent::KeyContent(std::__cxx11::basic_string<char, std::char_traits<char>, std::allocator<char> > const&)
0701a628 00000134 W CTRPluginFramework::KeyContent::KeyContent(std::__cxx11::basic_string<char, std::char_traits<char>, std::allocator<char> > const&)
0701a75c 00000090 T CTRPluginFramework::TouchKey::TouchKey(CTRPluginFramework::TouchKey&&)
0701a75c 00000090 T CTRPluginFramework::TouchKey::TouchKey(CTRPluginFramework::TouchKey&&)
0701a7ec 000000c4 T CTRPluginFramework::TouchKey::TouchKey(int, CTRPluginFramework::Rect<int>, bool)
0701a7ec 000000c4 T CTRPluginFramework::TouchKey::TouchKey(int, CTRPluginFramework::Rect<int>, bool)
0701a8b0 000000e8 T CTRPluginFramework::TouchKey::TouchKey(std::__cxx11::basic_string<char, std::char_traits<char>, std::allocator<char> > const&, CTRPluginFramework::Rect<int>, int, bool)
0701a8b0 000000e8 T CTRPluginFramework::TouchKey::TouchKey(std::__cxx11::basic_string<char, std::char_traits<char>, std::allocator<char> > const&, CTRPluginFramework::Rect<int>, int, bool)
0701a998 0000009c T CTRPluginFramework::TouchKey::TouchKey(int, int (*)(int, int, bool), CTRPluginFramework::Rect<int>, bool)
0701a998 0000009c T CTRPluginFramework::TouchKey::TouchKey(int, int (*)(int, int, bool), CTRPluginFramework::Rect<int>, bool)
0701aa34 0000004c T CTRPluginFramework::TouchKey::Clear()
0701aa80 00000020 T CTRPluginFramework::TouchKey::~TouchKey()
0701aa80 00000020 T CTRPluginFramework::TouchKey::~TouchKey()
0701aaa0 00000020 T CTRPluginFramework::TouchKey::~TouchKey()
0701aac0 00000008 T CTRPluginFramework::TouchKey::Enable(bool)
0701aac8 00000008 T CTRPluginFramework::TouchKey::Select(bool)
0701aad0 00000070 T CTRPluginFramework::TouchKey::DrawCharacter(CTRPluginFramework::Color const&)
0701ab40 00000090 T CTRPluginFramework::TouchKey::Draw()
0701abd0 00000128 T CTRPluginFramework::TouchKey::operator()(std::__cxx11::basic_string<char, std::char_traits<char>, std::allocator<char> >&)
0701acf8 00000048 T CTRPluginFramework::TouchKey::GetCodePoint()
0701ad40 00000008 T CTRPluginFramework::TouchKey::SetAcceptSoundEvent(CTRPluginFramework::SoundEngine::Event)
0701ad48 000000d8 T CTRPluginFramework::TouchKey::GetSidePosition(CTRPluginFramework::TouchKey::Side) const
0701ae20 00000004 T CTRPluginFramework::TextBox::Update(bool, CTRPluginFramework::Vector<int> const&)
0701ae24 000002f0 T CTRPluginFramework::TextBox::Draw()
0701b114 00000098 T CTRPluginFramework::TextBox::TextBox()
0701b114 00000098 T CTRPluginFramework::TextBox::TextBox()
0701b1ac 0000000c T CTRPluginFramework::TextBox::Open() const
0701b1b8 0000000c T CTRPluginFramework::TextBox::Close() const
0701b1c4 00000008 T CTRPluginFramework::TextBox::IsOpen() const
0701b1cc 00000238 T CTRPluginFramework::TextBox::ProcessEvent(CTRPluginFramework::Event&)
0701b404 0000000c T CTRPluginFramework::TextBox::DrawConst() const
0701b410 00000094 T CTRPluginFramework::TextBox::_GetWordWidth(unsigned char*, float&)
0701b4a4 000000b4 T CTRPluginFramework::CutWordWidth(unsigned char*, float&, float)
0701b558 00000028 W std::vector<unsigned char*, std::allocator<unsigned char*> >::_Guard_alloc::~_Guard_alloc()
0701b558 00000028 W std::vector<unsigned char*, std::allocator<unsigned char*> >::_Guard_alloc::~_Guard_alloc()
0701b580 000000b8 t std::vector<unsigned char*, std::allocator<unsigned char*> >::push_back(unsigned char* const&) [clone .isra.0]
0701b638 0000022c T CTRPluginFramework::TextBox::_GetTextInfos()
0701b864 00000168 T CTRPluginFramework::TextBox::TextBox(std::__cxx11::basic_string<char, std::char_traits<char>, std::allocator<char> > const&, std::__cxx11::basic_string<char, std::char_traits<char>, std::allocator<char> > const&, CTRPluginFramework::Rect<int> const&)
0701b864 00000168 T CTRPluginFramework::TextBox::TextBox(std::__cxx11::basic_string<char, std::char_traits<char>, std::allocator<char> > const&, std::__cxx11::basic_string<char, std::char_traits<char>, std::allocator<char> > const&, CTRPluginFramework::Rect<int> const&)
0701b9cc 000000e8 T CTRPluginFramework::TextBox::Update(std::__cxx11::basic_string<char, std::char_traits<char>, std::allocator<char> > const&, std::__cxx11::basic_string<char, std::char_traits<char>, std::allocator<char> >&)
0701bab4 00000128 T CTRPluginFramework::Renderer::FontCalcGlyphPos(fontGlyphPos_s*, charWidthInfo_s**, int, float)
0701bbdc 00000118 T CTRPluginFramework::Renderer::GetTextSize(char const*)
0701bcf4 000001a0 T CTRPluginFramework::Renderer::GetTextInfos(char const*, int&, float&, float)
0701be94 000001c4 T CTRPluginFramework::Renderer::DrawGlyph(CTRPluginFramework::ScreenImpl*, CTRPluginFramework::Glyph*, int, int, CTRPluginFramework::Color, unsigned long)
0701c058 00000064 T CTRPluginFramework::Renderer::DrawGlyph(CTRPluginFramework::Glyph*, int, int, CTRPluginFramework::Color, unsigned long)
0701c0bc 00000228 T CTRPluginFramework::Renderer::DrawGlyph(CTRPluginFramework::ScreenImpl*, CTRPluginFramework::Glyph*, int, int, float&, CTRPluginFramework::Color, unsigned long)
0701c2e4 000005a8 T CTRPluginFramework::Renderer::DrawSysStringReturn(unsigned char const*, int, int&, int, CTRPluginFramework::Color, int, unsigned long)
0701c88c 00000484 T CTRPluginFramework::Renderer::DrawSysString(char const*, int, int&, int, CTRPluginFramework::Color, float, char const*, unsigned long)
0701cd10 00000074 T CTRPluginFramework::Renderer::DrawSysCheckBox(char const*, int, int&, int, CTRPluginFramework::Color, bool, float)
0701cd84 00000070 T CTRPluginFramework::Renderer::DrawSysFolder(char const*, int, int&, int, CTRPluginFramework::Color, float)
0701cdf4 00000084 T CTRPluginFramework::Renderer::DrawPixel(int, int, CTRPluginFramework::Color const&)
0701ce78 0000017c T CTRPluginFramework::Renderer::DrawCharacter(int, int, int, CTRPluginFramework::Color const&)
0701cff4 000001f0 T CTRPluginFramework::Renderer::DrawCharacter(int, int, int, CTRPluginFramework::Color const&, CTRPluginFramework::Color const&)
0701d1e4 000000a0 T CTRPluginFramework::Renderer::DrawString(char const*, int, int&, CTRPluginFramework::Color)
0701d284 000001ec T CTRPluginFramework::Renderer::DrawString(char const*, int, int&, CTRPluginFramework::Color, CTRPluginFramework::Color)
0701d470 00000030 T CTRPluginFramework::Renderer::LinuxFontSize(char const*)
0701d4a0 00000158 t CTRPluginFramework::DrawLineV(unsigned long, CTRPluginFramework::Color const&, unsigned char*, unsigned long)
0701d5f8 00000028 t CTRPluginFramework::Vector<int>** std::copy<CTRPluginFramework::Vector<int>**, CTRPluginFramework::Vector<int>**>(CTRPluginFramework::Vector<int>**, CTRPluginFramework::Vector<int>**, CTRPluginFramework::Vector<int>**) [clone .isra.0]
0701d620 00000020 t __tcf_ZZN18CTRPluginFramework8Renderer20DrawRoundedRectangleERKNS_4RectIiEERKNS_5ColorES7_E6_lines
0701d640 0000019c T CTRPluginFramework::Renderer::DrawLine(int, int, int, CTRPluginFramework::Color const&, int)
0701d7dc 00000118 T CTRPluginFramework::Renderer::DrawStippledLine(int, int, int, CTRPluginFramework::Color const&, int)
0701d8f4 00000094 T CTRPluginFramework::Renderer::DrawRect(int, int, int, int, CTRPluginFramework::Color const&, bool, int)
0701d988 000000a8 T CTRPluginFramework::Renderer::DrawRect(CTRPluginFramework::Rect<int> const&, CTRPluginFramework::Color const&, bool)
0701da30 000002c0 T CTRPluginFramework::Renderer::DrawRect2(CTRPluginFramework::Rect<int> const&, CTRPluginFramework::Color const&, CTRPluginFramework::Color const&)
0701dcf0 000000bc W void std::vector<CTRPluginFramework::Line<int>, std::allocator<CTRPluginFramework::Line<int> > >::_M_realloc_append<CTRPluginFramework::Line<int> >(CTRPluginFramework::Line<int>&&)
0701ddac 00000034 t CTRPluginFramework::Line<int>& std::vector<CTRPluginFramework::Line<int>, std::allocator<CTRPluginFramework::Line<int> > >::emplace_back<CTRPluginFramework::Line<int> >(CTRPluginFramework::Line<int>&&) [clone .isra.0]
0701dde0 0000018c W void std::deque<CTRPluginFramework::Vector<int>, std::allocator<CTRPluginFramework::Vector<int> > >::_M_push_back_aux<CTRPluginFramework::Vector<int> >(CTRPluginFramework::Vector<int>&&)
0701df6c 00000038 t CTRPluginFramework::Vector<int>& std::deque<CTRPluginFramework::Vector<int>, std::allocator<CTRPluginFramework::Vector<int> > >::emplace_back<CTRPluginFramework::Vector<int> >(CTRPluginFramework::Vector<int>&&) [clone .isra.0]
0701dfa8 000007c4 T CTRPluginFramework::Renderer::ComputeRoundedRectangle(std::vector<CTRPluginFramework::Line<int>, std::allocator<CTRPluginFramework::Line<int> > >&, CTRPluginFramework::Rect<int> const&, float, int)
0701e76c 00000198 T CTRPluginFramework::Renderer::DrawRoundedRectangle(CTRPluginFramework::Rect<int> const&, CTRPluginFramework::Color const&, CTRPluginFramework::Color const&)
0701e904 0000004c T CTRPluginFramework::Renderer::SetTarget(CTRPluginFramework::Target)
0701e950 000002c8 T CTRPluginFramework::Renderer::MenuSelector(int, int, int, int)
0701ec18 000000c4 T CTRPluginFramework::ProcessingLogo::Draw(int, int)
0701ecdc 00000148 T CTRPluginFramework::Renderer::EndFrame(bool)
0701ee24 00000020 T CTRPluginFramework::PrivColor::_ReadRGBA8(unsigned char*)
0701ee44 00000020 T CTRPluginFramework::PrivColor::_ReadBGR8(unsigned char*)
0701ee64 0000002c T CTRPluginFramework::PrivColor::_ReadRGB565(unsigned char*)
0701ee90 00000034 T CTRPluginFramework::PrivColor::_ReadRGB5A1(unsigned char*)
0701eec4 00000028 T CTRPluginFramework::PrivColor::_ReadRGBA4(unsigned char*)
0701eeec 00000028 T CTRPluginFramework::PrivColor::_WriteRGBA8(unsigned char*, CTRPluginFramework::Color const&)
0701ef14 00000020 T CTRPluginFramework::PrivColor::_WriteBGR8(unsigned char*, CTRPluginFramework::Color const&)
0701ef34 00000030 T CTRPluginFramework::PrivColor::_WriteRGB565(unsigned char*, CTRPluginFramework::Color const&)
0701ef64 00000048 T CTRPluginFramework::PrivColor::_WriteRGB5A1(unsigned char*, CTRPluginFramework::Color const&)
0701efac 00000044 T CTRPluginFramework::PrivColor::_WriteRGBA4(unsigned char*, CTRPluginFramework::Color const&)
0701eff0 00000140 T CTRPluginFramework::PrivColor::SetFormat(GSPGPU_FramebufferFormat)
0701f130 0000002c T CTRPluginFramework::PrivColor::UseClamp(bool)
0701f15c 00000040 T TLS init function for CTRPluginFramework::PrivColor::_clampArea
0701f15c 00000040 t __tls_init
0701f19c 0000004c T CTRPluginFramework::PrivColor::UseClamp(bool, CTRPluginFramework::Rect<int> const&)
0701f1e8 00000098 T CTRPluginFramework::PrivColor::_WriteRGBA8Clamp(unsigned char*, CTRPluginFramework::Color const&)
0701f280 00000090 T CTRPluginFramework::PrivColor::_WriteBGR8Clamp(unsigned char*, CTRPluginFramework::Color const&)
0701f310 000000ac T CTRPluginFramework::PrivColor::_WriteRGB565Clamp(unsigned char*, CTRPluginFramework::Color const&)
0701f3bc 000000b8 T CTRPluginFramework::PrivColor::_WriteRGB5A1Clamp(unsigned char*, CTRPluginFramework::Color const&)
0701f474 000000b4 T CTRPluginFramework::PrivColor::_WriteRGBA4Clamp(unsigned char*, CTRPluginFramework::Color const&)
0701f528 0000004c t CTRPluginFramework::(anonymous namespace)::CheckFrameResumedTask::{lambda(void*)#1}::_FUN(void*)
0701f574 0000000c T CTRPluginFramework::OSDImpl::Lock()
0701f580 0000001c T CTRPluginFramework::OSDImpl::TryLock()
0701f59c 0000000c T CTRPluginFramework::OSDImpl::Unlock()
0701f5a8 000000ec T CTRPluginFramework::OSDImpl::PauseFrame()
0701f698 00000194 T CTRPluginFramework::OSDImpl::WaitFramePaused()
0701f82c 000000b4 T CTRPluginFramework::OSDImpl::ResumeFrame(unsigned long)
0701f8e0 00000030 t _GLOBAL__sub_I__ZN18CTRPluginFramework7OSDImpl4LockEv
0701f910 000000ac t _GLOBAL__sub_D__ZN18CTRPluginFramework7OSDImpl4LockEv
0701f9bc 00000088 T CTRPluginFramework::OSDImpl::DrawNotif_TaskFunc(void*)
0701fa44 0000005c t CTRPluginFramework::GetBuffer(unsigned long)
0701faa0 000000a8 t CTRPluginFramework::memsearch(unsigned char*, void const*, unsigned long, unsigned long) [clone .constprop.0]
0701fb48 00000030 t CTRPluginFramework::SearchStmfd(unsigned long, unsigned long, unsigned long) [clone .constprop.0]
0701fb78 00000038 t CTRPluginFramework::OSDImpl::CallbackCommon(unsigned long, void*, void*, int, int, int)::{lambda(bool (*)(CTRPluginFramework::Screen const&))#1}::operator()(bool (*)(CTRPluginFramework::Screen const&)) const [clone .isra.0]
0701fbb0 00000060 t CTRPluginFramework::OSDImpl::Update()::{lambda(CTRPluginFramework::OSDImpl::OSDMessage*)#1}::operator()(CTRPluginFramework::OSDImpl::OSDMessage*) const [clone .isra.0]
0701fc10 00000078 T CTRPluginFramework::OSDImpl::OSDMessage::OSDMessage(std::__cxx11::basic_string<char, std::char_traits<char>, std::allocator<char> > const&, CTRPluginFramework::Color const&, CTRPluginFramework::Color const&)
0701fc10 00000078 T CTRPluginFramework::OSDImpl::OSDMessage::OSDMessage(std::__cxx11::basic_string<char, std::char_traits<char>, std::allocator<char> > const&, CTRPluginFramework::Color const&, CTRPluginFramework::Color const&)
0701fc88 000000e0 T CTRPluginFramework::OSDImpl::UpdateScreens()
0701fd68 000000d0 T CTRPluginFramework::InstallOSD()
0701fe38 000000ac T CTRPluginFramework::OSDImpl::_Initialize()
0701fee4 00000028 W std::_Vector_base<bool (*)(CTRPluginFramework::Screen const&), std::allocator<bool (*)(CTRPluginFramework::Screen const&)> >::~_Vector_base()
0701fee4 00000028 W std::_Vector_base<bool (*)(CTRPluginFramework::Screen const&), std::allocator<bool (*)(CTRPluginFramework::Screen const&)> >::~_Vector_base()
0701ff0c 000000b4 t _GLOBAL__sub_I__ZN18CTRPluginFramework7OSDImpl12DrawSaveIconE
0701ffc0 000000f8 T CTRPluginFramework::OSDImpl::Update()
070200b8 00000058 T CTRPluginFramework::OSDImpl::OnTopScreenFrame()
07020110 000000c8 T CTRPluginFramework::OSDImpl::OnBottomScreenFrame()
070201d8 00000584 T CTRPluginFramework::OSDImpl::CallbackCommon(unsigned long, void*, void*, int, int, int)
0702075c 0000008c T CTRPluginFramework::OSDImpl::MainCallback(unsigned long, int, void*, void*, int, int, int)
070207e8 00000094 T CTRPluginFramework::OSDImpl::MainCallback2(unsigned long, unsigned long*, unsigned long, unsigned long)
0702087c 00000070 t _GLOBAL__sub_D__ZN18CTRPluginFramework7OSDImpl12DrawSaveIconE
070208ec 00000020 W CTRPluginFramework::NumericTextBox::~NumericTextBox()
070208ec 00000020 W CTRPluginFramework::NumericTextBox::~NumericTextBox()
0702090c 00000020 W CTRPluginFramework::NumericTextBox::~NumericTextBox()
0702092c 0000007c T CTRPluginFramework::NumericTextBox::Draw()
070209a8 0000009c t std::__cxx11::basic_string<char, std::char_traits<char>, std::allocator<char> >::operator=(std::__cxx11::basic_string<char, std::char_traits<char>, std::allocator<char> >&&) [clone .isra.0]
07020a44 00000038 t CTRPluginFramework::NumericTextBox::_UpdateVal() [clone .part.0]
07020a7c 00000060 T CTRPluginFramework::NumericTextBox::_UpdateVal()
07020adc 000000f8 T CTRPluginFramework::NumericTextBox::operator()()
07020bd4 00000010 T CTRPluginFramework::NumericTextBox::SetValue(unsigned long)
07020be4 00000010 T CTRPluginFramework::NumericTextBox::SetValue(float)
07020bf4 00000008 T CTRPluginFramework::NumericTextBox::UseHexadecimal(bool)
07020bfc 0000000c T CTRPluginFramework::NumericTextBox::Clear()
07020c08 00000068 T CTRPluginFramework::NumericTextBox::NumericTextBox(int, int, int, int)
07020c08 00000068 T CTRPluginFramework::NumericTextBox::NumericTextBox(int, int, int, int)
07020c70 0000007c W CTRPluginFramework::Rect<int>::Contains(CTRPluginFramework::Vector<int> const&) const
07020cec 00000078 T CTRPluginFramework::NumericTextBox::Update(bool, CTRPluginFramework::Vector<int> const&)
07020d64 00000024 t fontGetSystemFont
07020d88 00000010 T CTRPluginFramework::Glyph::Width() const
07020d98 00000494 T CTRPluginFramework::GetOriginalGlyph(unsigned long)
0702122c 000000f4 T CTRPluginFramework::bilinearInterpolate(unsigned char const*, int, int, float, float)
07021320 000000d0 T CTRPluginFramework::ShrinkGlyph(unsigned char*, unsigned char const*, int, int, int, int)
070213f0 000000ac T CTRPluginFramework::Font::Initialize()
0702149c 00000020 W std::_Hashtable<unsigned long, std::pair<unsigned long const, unsigned long>, std::allocator<std::pair<unsigned long const, unsigned long> >, std::__detail::_Select1st, std::equal_to<unsigned long>, std::hash<unsigned long>, std::__detail::_Mod_range_hashing, std::__detail::_Default_ranged_hash, std::__detail::_Prime_rehash_policy, std::__detail::_Hashtable_traits<false, false, true> >::_M_deallocate_buckets()
070214bc 00000188 W std::_Hashtable<unsigned long, std::pair<unsigned long const, unsigned long>, std::allocator<std::pair<unsigned long const, unsigned long> >, std::__detail::_Select1st, std::equal_to<unsigned long>, std::hash<unsigned long>, std::__detail::_Mod_range_hashing, std::__detail::_Default_ranged_hash, std::__detail::_Prime_rehash_policy, std::__detail::_Hashtable_traits<false, false, true> >::_M_insert_unique_node(unsigned int, unsigned int, std::__detail::_Hash_node<std::pair<unsigned long const, unsigned long>, false>*, unsigned int)
07021644 000000c0 W std::__detail::_Map_base<unsigned long, std::pair<unsigned long const, unsigned long>, std::allocator<std::pair<unsigned long const, unsigned long> >, std::__detail::_Select1st, std::equal_to<unsigned long>, std::hash<unsigned long>, std::__detail::_Mod_range_hashing, std::__detail::_Default_ranged_hash, std::__detail::_Prime_rehash_policy, std::__detail::_Hashtable_traits<false, false, true>, true>::operator[](unsigned long const&)
07021704 00000154 T CTRPluginFramework::Font::CacheGlyph(unsigned long)
07021858 00000088 T CTRPluginFramework::Font::GetGlyph(unsigned char*&)
070218e0 00000020 T CTRPluginFramework::Font::GetGlyph(char)
07021900 00000048 t _GLOBAL__sub_I__ZN18CTRPluginFramework15g_fontAllocatedE
07021948 00000058 t _GLOBAL__sub_D__ZN18CTRPluginFramework15g_fontAllocatedE
070219a0 00000004 T CTRPluginFramework::FloatingButton::~FloatingButton()
070219a0 00000004 T CTRPluginFramework::FloatingButton::~FloatingButton()
070219a4 00000014 T CTRPluginFramework::FloatingButton::Draw()
070219b8 00000014 T CTRPluginFramework::FloatingButton::operator()()
070219cc 00000018 T CTRPluginFramework::FloatingButton::~FloatingButton()
070219e4 0000016c T CTRPluginFramework::FloatingButton::Update(bool, CTRPluginFramework::Vector<int> const&)
07021b50 00000040 T CTRPluginFramework::FloatingButton::FloatingButton(CTRPluginFramework::Rect<int> const&, int (*)(int, int))
07021b50 00000040 T CTRPluginFramework::FloatingButton::FloatingButton(CTRPluginFramework::Rect<int> const&, int (*)(int, int))
07021b90 00000094 T CTRPluginFramework::ComboBox::Draw()
07021c24 000000ac T CTRPluginFramework::ComboBox::operator()()
07021cd0 00000054 W CTRPluginFramework::ComboBox::~ComboBox()
07021cd0 00000054 W CTRPluginFramework::ComboBox::~ComboBox()
07021d24 00000020 W CTRPluginFramework::ComboBox::~ComboBox()
07021d44 00000048 T CTRPluginFramework::ComboBox::ComboBox(int, int, int, int)
07021d44 00000048 T CTRPluginFramework::ComboBox::ComboBox(int, int, int, int)
07021d8c 0000003c T CTRPluginFramework::ComboBox::Clear()
07021dc8 00000088 T CTRPluginFramework::ComboBox::Update(bool, CTRPluginFramework::Vector<int> const&)
07021e50 00000128 W void std::vector<std::__cxx11::basic_string<char, std::char_traits<char>, std::allocator<char> >, std::allocator<std::__cxx11::basic_string<char, std::char_traits<char>, std::allocator<char> > > >::_M_realloc_append<std::__cxx11::basic_string<char, std::char_traits<char>, std::allocator<char> > const&>(std::__cxx11::basic_string<char, std::char_traits<char>, std::allocator<char> > const&)
07021f78 00000054 T CTRPluginFramework::ComboBox::Add(std::__cxx11::basic_string<char, std::char_traits<char>, std::allocator<char> > const&)
07021fcc 00000020 T CTRPluginFramework::Button::~Button()
07021fcc 00000020 T CTRPluginFramework::Button::~Button()
07021fec 00000020 T CTRPluginFramework::Button::~Button()
0702200c 00000158 T CTRPluginFramework::Button::Draw()
07022164 0000007c T CTRPluginFramework::Button::operator()()
070221e0 0000017c T CTRPluginFramework::Button::Update(bool, CTRPluginFramework::Vector<int> const&)
0702235c 0000014c T CTRPluginFramework::Button::Button(unsigned long, std::__cxx11::basic_string<char, std::char_traits<char>, std::allocator<char> > const&, CTRPluginFramework::Rect<int> const&, int (*)(int, int))
0702235c 0000014c T CTRPluginFramework::Button::Button(unsigned long, std::__cxx11::basic_string<char, std::char_traits<char>, std::allocator<char> > const&, CTRPluginFramework::Rect<int> const&, int (*)(int, int))
070224a8 00000020 T CTRPluginFramework::Button::Button(unsigned long, std::__cxx11::basic_string<char, std::char_traits<char>, std::allocator<char> > const&, CTRPluginFramework::Rect<int> const&, int (*)(int, int, bool))
070224a8 00000020 T CTRPluginFramework::Button::Button(unsigned long, std::__cxx11::basic_string<char, std::char_traits<char>, std::allocator<char> > const&, CTRPluginFramework::Rect<int> const&, int (*)(int, int, bool))
070224c8 00000094 T CTRPluginFramework::Button::Button(unsigned long, CTRPluginFramework::Rect<int> const&, int (*)(int, int))
070224c8 00000094 T CTRPluginFramework::Button::Button(unsigned long, CTRPluginFramework::Rect<int> const&, int (*)(int, int))
0702255c 00000014 T CTRPluginFramework::Button::Button(unsigned long, CTRPluginFramework::Rect<int> const&, int (*)(int, int, bool))
0702255c 00000014 T CTRPluginFramework::Button::Button(unsigned long, CTRPluginFramework::Rect<int> const&, int (*)(int, int, bool))
07022570 00000018 T CTRPluginFramework::Button::Enable(bool)
07022588 00000010 T CTRPluginFramework::Button::Enable()
07022598 00000010 T CTRPluginFramework::Button::Disable()
070225a8 00000010 T CTRPluginFramework::Button::Lock()
070225b8 00000010 T CTRPluginFramework::Button::Execute()
070225c8 00000018 T CTRPluginFramework::Button::SetState(bool)
070225e0 00000010 T CTRPluginFramework::Button::GetState() const
070225f0 00000008 T CTRPluginFramework::Button::SetAcceptSoundEvent(CTRPluginFramework::SoundEngine::Event)
070225f8 00000028 t unsigned char* std::copy<unsigned char*, unsigned char*>(unsigned char*, unsigned char*, unsigned char*) [clone .isra.0]
07022620 00000024 T CTRPluginFramework::BMPImage::BitmapFileHeader::Read(CTRPluginFramework::File&)
07022644 00000024 T CTRPluginFramework::BMPImage::BitmapInformationHeader::Read(CTRPluginFramework::File&)
07022668 00000038 T CTRPluginFramework::BMPImage::~BMPImage()
07022668 00000038 T CTRPluginFramework::BMPImage::~BMPImage()
070226a0 00000008 T CTRPluginFramework::BMPImage::IsLoaded() const
070226a8 00000008 T CTRPluginFramework::BMPImage::Width() const
070226b0 00000008 T CTRPluginFramework::BMPImage::Height() const
070226b8 00000008 T CTRPluginFramework::BMPImage::GetDimensions() const
070226c0 00000010 T CTRPluginFramework::BMPImage::data() const
070226d0 0000001c T CTRPluginFramework::BMPImage::end() const
070226ec 0000001c W CTRPluginFramework::BMPImage::DataClear()
07022708 00000088 T CTRPluginFramework::BMPImage::BMPImage(unsigned long, unsigned long)
07022708 00000088 T CTRPluginFramework::BMPImage::BMPImage(unsigned long, unsigned long)
07022790 00000034 T CTRPluginFramework::BMPImage::Unload()
070227c4 000001d0 T CTRPluginFramework::BMPImage::SaveImage(std::__cxx11::basic_string<char, std::char_traits<char>, std::allocator<char> > const&) const
07022994 00000048 T CTRPluginFramework::BMPImage::ReverseChannels()
070229dc 00000030 T CTRPluginFramework::BMPImage::RGBtoBGR()
07022a0c 0000013c T CTRPluginFramework::BMPImage::OptimiseForRendering()
07022b48 000000d4 T CTRPluginFramework::BMPImage::Draw(int, int)
07022c1c 00000008 T CTRPluginFramework::BMPImage::Draw(CTRPluginFramework::Vector<int> const&)
07022c24 000000fc T CTRPluginFramework::BMPImage::Draw(CTRPluginFramework::Rect<int> const&, float)
07022d20 000000c8 T CTRPluginFramework::BMPImage::FillWithImg(CTRPluginFramework::BMPImage const&)
07022de8 00000068 T CTRPluginFramework::BMPImage::_CreateBitmap()
07022e50 00000058 T CTRPluginFramework::BMPImage::BMPImage(CTRPluginFramework::BMPImage const&, unsigned long, unsigned long)
07022e50 00000058 T CTRPluginFramework::BMPImage::BMPImage(CTRPluginFramework::BMPImage const&, unsigned long, unsigned long)
07022ea8 00000024 T CTRPluginFramework::BMPImage::SetWidthHeight(unsigned long, unsigned long)
07022ecc 00000114 T CTRPluginFramework::BMPImage::Resample(CTRPluginFramework::BMPImage&, int, int)
07022fe0 00000318 T CTRPluginFramework::BMPImage::_LoadBitmap()
070232f8 00000084 T CTRPluginFramework::BMPImage::BMPImage(std::__cxx11::basic_string<char, std::char_traits<char>, std::allocator<char> > const&)
070232f8 00000084 T CTRPluginFramework::BMPImage::BMPImage(std::__cxx11::basic_string<char, std::char_traits<char>, std::allocator<char> > const&)
0702337c 00000070 t std::__cxx11::basic_string<char, std::char_traits<char>, std::allocator<char> >::basic_string<std::allocator<char> >(char const*, std::allocator<char> const&) [clone .constprop.0] [clone .isra.0]
070233ec 00000344 T ARM_Disasm::DisassembleALU[abi:cxx11](Opcode, unsigned long)
07023730 00000078 T ARM_Disasm::DisassembleBranch[abi:cxx11](unsigned long, Opcode, unsigned long)
070237a8 00000070 T ARM_Disasm::DisassembleBX[abi:cxx11](unsigned long)
07023818 00000038 T ARM_Disasm::DisassembleBKPT[abi:cxx11](unsigned long)
07023850 00000080 T ARM_Disasm::DisassembleCLZ[abi:cxx11](unsigned long)
070238d0 00000448 T ARM_Disasm::DisassembleMem[abi:cxx11](unsigned long)
07023d18 00000220 T ARM_Disasm::DisassembleMemHalf[abi:cxx11](unsigned long)
07023f38 000000a4 T ARM_Disasm::DisassembleMCR[abi:cxx11](Opcode, unsigned long)
07023fdc 000000c0 T ARM_Disasm::DisassembleMLA[abi:cxx11](Opcode, unsigned long)
0702409c 000000c0 T ARM_Disasm::DisassembleUMLAL[abi:cxx11](Opcode, unsigned long)
0702415c 000000b0 T ARM_Disasm::DisassembleMUL[abi:cxx11](Opcode, unsigned long)
0702420c 00000090 T ARM_Disasm::DisassembleMRS[abi:cxx11](unsigned long)
0702429c 00000174 T ARM_Disasm::DisassembleMSR[abi:cxx11](unsigned long)
07024410 00000114 T ARM_Disasm::DisassemblePackUnpack[abi:cxx11](Opcode, unsigned long)
07024524 000000a4 T ARM_Disasm::DisassemblePLD[abi:cxx11](unsigned long)
070245c8 00000064 T ARM_Disasm::DisassembleSWI[abi:cxx11](unsigned long)
0702462c 00000094 T ARM_Disasm::DisassembleSWP[abi:cxx11](Opcode, unsigned long)
070246c0 00000118 T ARM_Disasm::Decode01(unsigned long)
070247d8 00000028 T ARM_Disasm::Decode10(unsigned long)
07024800 00000074 T ARM_Disasm::Decode11(unsigned long)
07024874 00000054 T ARM_Disasm::DecodeMUL(unsigned long)
070248c8 00000050 T ARM_Disasm::DecodeLDRH(unsigned long)
07024918 000000e4 T ARM_Disasm::DecodeALU(unsigned long)
070249fc 000000b8 T ARM_Disasm::Decode00(unsigned long)
07024ab4 00000030 T ARM_Disasm::Decode(unsigned long)
07024ae4 000000c8 W void std::vector<RegBlock, std::allocator<RegBlock> >::_M_realloc_append<int&, int&>(int&, int&)
07024bac 00000378 T ARM_Disasm::DisassembleMemblock[abi:cxx11](Opcode, unsigned long)
07024f24 00000194 T ARM_Disasm::Disassemble[abi:cxx11](unsigned long, unsigned long)
070250b8 00000050 t CTRPluginFramework::ActionReplay_ExecuteCode(CTRPluginFramework::MenuEntryImpl*)
07025108 00000078 T CTRPluginFramework::MenuEntryActionReplay::~MenuEntryActionReplay()
07025108 00000078 T CTRPluginFramework::MenuEntryActionReplay::~MenuEntryActionReplay()
07025180 00000020 T CTRPluginFramework::MenuEntryActionReplay::~MenuEntryActionReplay()
070251a0 0000009c t std::__cxx11::basic_string<char, std::char_traits<char>, std::allocator<char> >::operator=(std::__cxx11::basic_string<char, std::char_traits<char>, std::allocator<char> >&&) [clone .isra.0]
0702523c 0000004c T CTRPluginFramework::MenuEntryActionReplay::MenuEntryActionReplay(std::__cxx11::basic_string<char, std::char_traits<char>, std::allocator<char> > const&, std::__cxx11::basic_string<char, std::char_traits<char>, std::allocator<char> > const&)
0702523c 0000004c T CTRPluginFramework::MenuEntryActionReplay::MenuEntryActionReplay(std::__cxx11::basic_string<char, std::char_traits<char>, std::allocator<char> > const&, std::__cxx11::basic_string<char, std::char_traits<char>, std::allocator<char> > const&)
07025288 00000114 T CTRPluginFramework::MenuEntryActionReplay::Update()
0702539c 00000024 T CTRPluginFramework::Write32(unsigned long, unsigned long)
070253c0 00000024 T CTRPluginFramework::Write16(unsigned long, unsigned short)
070253e4 00000024 T CTRPluginFramework::Write8(unsigned long, unsigned char)
07025408 00000028 T CTRPluginFramework::Read32(unsigned long, unsigned long&)
07025430 00000028 T CTRPluginFramework::Read16(unsigned long, unsigned short&)
07025458 00000028 T CTRPluginFramework::Read8(unsigned long, unsigned char&)
07025480 000000b4 W void std::vector<CTRPluginFramework::Hook, std::allocator<CTRPluginFramework::Hook> >::_M_realloc_append<CTRPluginFramework::Hook const&>(CTRPluginFramework::Hook const&)
07025534 0000003c W void std::_Destroy<CTRPluginFramework::ARCode*>(CTRPluginFramework::ARCode*, CTRPluginFramework::ARCode*)
07025570 000000cc W void std::vector<CTRPluginFramework::ARCode, std::allocator<CTRPluginFramework::ARCode> >::_M_realloc_append<CTRPluginFramework::ARCode const&>(CTRPluginFramework::ARCode const&)
0702563c 00000028 W std::vector<CTRPluginFramework::ARCode, std::allocator<CTRPluginFramework::ARCode> >::clear()
07025664 00001a54 T CTRPluginFramework::ARHandler::_Execute(std::vector<CTRPluginFramework::ARCode, std::allocator<CTRPluginFramework::ARCode> > const&)
070270b8 000000b0 T CTRPluginFramework::ARHandler::Execute(CTRPluginFramework::ARCodeContext&)
07027168 00000020 t _GLOBAL__sub_I__ZN18CTRPluginFramework9ARHandler6OffsetE
07027188 00000070 t std::__cxx11::basic_string<char, std::char_traits<char>, std::allocator<char> >::_M_append(char const*, unsigned int) [clone .isra.0]
070271f8 000000f8 t CTRPluginFramework::RemoveFormat(std::__cxx11::basic_string<char, std::char_traits<char>, std::allocator<char> > const&)
070272f0 0000035c T CTRPluginFramework::ActionReplay_WriteToFile(CTRPluginFramework::LineWriter&, CTRPluginFramework::MenuItem*)
0702764c 00000020 t __tcf_ZZN18CTRPluginFramework26ActionReplay_ProcessStringERNSt7__cxx1112basic_stringIcSt11char_traitsIcESaIcEEEbE6colors
0702766c 00000028 t CTRPluginFramework::MenuFolderImpl*** std::copy<CTRPluginFramework::MenuFolderImpl***, CTRPluginFramework::MenuFolderImpl***>(CTRPluginFramework::MenuFolderImpl***, CTRPluginFramework::MenuFolderImpl***, CTRPluginFramework::MenuFolderImpl***) [clone .isra.0]
07027694 0000009c t std::__cxx11::basic_string<char, std::char_traits<char>, std::allocator<char> >::operator=(std::__cxx11::basic_string<char, std::char_traits<char>, std::allocator<char> >&&) [clone .isra.0]
07027730 0000004c t CTRPluginFramework::Rtrim(std::__cxx11::basic_string<char, std::char_traits<char>, std::allocator<char> >&)
0702777c 00000128 t std::__cxx11::basic_string<char, std::char_traits<char>, std::allocator<char> >::replace(unsigned int, unsigned int, char const*, unsigned int) [clone .isra.0]
070278a4 00000038 t std::__cxx11::basic_string<char, std::char_traits<char>, std::allocator<char> >::insert(unsigned int, char const*) [clone .isra.0]
070278dc 00000060 t CTRPluginFramework::Ltrim(std::__cxx11::basic_string<char, std::char_traits<char>, std::allocator<char> >&) [clone .isra.0]
0702793c 00000010 t CTRPluginFramework::Trim(std::__cxx11::basic_string<char, std::char_traits<char>, std::allocator<char> >&) [clone .isra.0]
0702794c 00000018 T CTRPluginFramework::ActionReplay_OpenCheatsFile(CTRPluginFramework::File&, bool)
07027964 00000050 T CTRPluginFramework::ActionReplay_CheckCodeTypeValidity(unsigned long)
070279b4 00000050 T CTRPluginFramework::ActionReplay_IsHexCode(std::__cxx11::basic_string<char, std::char_traits<char>, std::allocator<char> > const&)
07027a04 00000044 T CTRPluginFramework::ActionReplay_IsValidCode(std::__cxx11::basic_string<char, std::char_traits<char>, std::allocator<char> > const&)
07027a48 000004b4 T CTRPluginFramework::ActionReplay_ProcessString(std::__cxx11::basic_string<char, std::char_traits<char>, std::allocator<char> >&, bool)
07027efc 00000054 W bool std::operator==<char, std::char_traits<char>, std::allocator<char> >(std::__cxx11::basic_string<char, std::char_traits<char>, std::allocator<char> > const&, char const*)
07027f50 00000050 W std::_Deque_base<CTRPluginFramework::MenuFolderImpl*, std::allocator<CTRPluginFramework::MenuFolderImpl*> >::~_Deque_base()
07027f50 00000050 W std::_Deque_base<CTRPluginFramework::MenuFolderImpl*, std::allocator<CTRPluginFramework::MenuFolderImpl*> >::~_Deque_base()
07027fa0 00000020 W std::deque<CTRPluginFramework::MenuFolderImpl*, std::allocator<CTRPluginFramework::MenuFolderImpl*> >::back()
07027fc0 00000040 W std::deque<CTRPluginFramework::MenuFolderImpl*, std::allocator<CTRPluginFramework::MenuFolderImpl*> >::size() const
07028000 00000124 W std::deque<CTRPluginFramework::MenuFolderImpl*, std::allocator<CTRPluginFramework::MenuFolderImpl*> >::_M_reserve_map_at_back(unsigned int)
07028124 00000884 T CTRPluginFramework::ActionReplay_LoadCodes(CTRPluginFramework::MenuFolderImpl*)
070289a8 000000ac t CTRPluginFramework::GetCond32Str(unsigned long, unsigned long, char const*)
07028a54 0000013c t CTRPluginFramework::GetCond16Str(unsigned long, unsigned long, char const*)
07028b90 0000009c t std::__cxx11::basic_string<char, std::char_traits<char>, std::allocator<char> >::operator=(std::__cxx11::basic_string<char, std::char_traits<char>, std::allocator<char> >&&) [clone .isra.0]
07028c2c 00000044 t std::__cxx11::basic_string<char, std::char_traits<char>, std::allocator<char> >::basic_string(std::__cxx11::basic_string<char, std::char_traits<char>, std::allocator<char> > const&) [clone .isra.0]
07028c70 00000050 t std::__cxx11::basic_string<char, std::char_traits<char>, std::allocator<char> >::operator+=(char const*) [clone .isra.0]
07028cc0 00000034 t std::__cxx11::basic_string<char, std::char_traits<char>, std::allocator<char> >::operator=(char const*) [clone .isra.0]
07028cf4 0000005c t std::__cxx11::basic_string<char, std::char_traits<char>, std::allocator<char> >::basic_string(std::__cxx11::basic_string<char, std::char_traits<char>, std::allocator<char> >&&) [clone .isra.0]
07028d50 00000134 t CTRPluginFramework::ARCode::operator=(CTRPluginFramework::ARCode const&) [clone .isra.0]
07028e84 00000060 t CTRPluginFramework::ColorToString(CTRPluginFramework::Color const&)
07028ee4 00000080 T CTRPluginFramework::ARCodeEditor::CodeLine::CodeLine(CTRPluginFramework::ARCode&)
07028ee4 00000080 T CTRPluginFramework::ARCodeEditor::CodeLine::CodeLine(CTRPluginFramework::ARCode&)
07028f64 0000004c T CTRPluginFramework::ARCodeEditor::CodeLine::CodeLine(CTRPluginFramework::ARCodeEditor::CodeLine&&)
07028f64 0000004c T CTRPluginFramework::ARCodeEditor::CodeLine::CodeLine(CTRPluginFramework::ARCodeEditor::CodeLine const&)
07028f64 0000004c T CTRPluginFramework::ARCodeEditor::CodeLine::CodeLine(CTRPluginFramework::ARCodeEditor::CodeLine&&)
07028f64 0000004c T CTRPluginFramework::ARCodeEditor::CodeLine::CodeLine(CTRPluginFramework::ARCodeEditor::CodeLine const&)
07028fb0 00000044 W bool std::operator==<char, std::char_traits<char>, std::allocator<char> >(std::__cxx11::basic_string<char, std::char_traits<char>, std::allocator<char> > const&, std::__cxx11::basic_string<char, std::char_traits<char>, std::allocator<char> > const&)
07028ff4 0000118c T CTRPluginFramework::ARCodeEditor::CodeLine::Update()
0702a180 00000120 T CTRPluginFramework::ARCodeEditor::ARCodeEditor()
0702a180 00000120 T CTRPluginFramework::ARCodeEditor::ARCodeEditor()
0702a2a0 000002b8 T CTRPluginFramework::ARCodeEditor::_RenderTop()
0702a558 00000088 T CTRPluginFramework::ARCodeEditor::_Update()
0702a5e0 00000020 W CTRPluginFramework::ARCodeEditor::CodeLine::~CodeLine()
0702a5e0 00000020 W CTRPluginFramework::ARCodeEditor::CodeLine::~CodeLine()
0702a600 00000034 W std::vector<CTRPluginFramework::ARCodeEditor::CodeLine, std::allocator<CTRPluginFramework::ARCodeEditor::CodeLine> >::clear()
0702a634 00000030 t __tcf_ZZN18CTRPluginFramework12ARCodeEditor16_ReloadCodeLinesEvE6tempar
0702a664 00000054 W std::vector<CTRPluginFramework::ARCode, std::allocator<CTRPluginFramework::ARCode> >::_M_check_len(unsigned int, char const*) const
0702a6b8 0000002c W std::vector<CTRPluginFramework::ARCode, std::allocator<CTRPluginFramework::ARCode> >::_Guard_alloc::~_Guard_alloc()
0702a6b8 0000002c W std::vector<CTRPluginFramework::ARCode, std::allocator<CTRPluginFramework::ARCode> >::_Guard_alloc::~_Guard_alloc()
0702a6e4 000000e8 W void std::vector<CTRPluginFramework::ARCodeEditor::CodeLine, std::allocator<CTRPluginFramework::ARCodeEditor::CodeLine> >::_M_realloc_append<CTRPluginFramework::ARCodeEditor::CodeLine>(CTRPluginFramework::ARCodeEditor::CodeLine&&)
0702a7cc 00000038 t CTRPluginFramework::ARCodeEditor::CodeLine& std::vector<CTRPluginFramework::ARCodeEditor::CodeLine, std::allocator<CTRPluginFramework::ARCodeEditor::CodeLine> >::emplace_back<CTRPluginFramework::ARCodeEditor::CodeLine>(CTRPluginFramework::ARCodeEditor::CodeLine&&) [clone .isra.0]
0702a804 00000038 W CTRPluginFramework::ARCode* std::__do_uninit_copy<CTRPluginFramework::ARCode const*, CTRPluginFramework::ARCode const*, CTRPluginFramework::ARCode*>(CTRPluginFramework::ARCode const*, CTRPluginFramework::ARCode const*, CTRPluginFramework::ARCode*)
0702a83c 000000d4 t CTRPluginFramework::ARCode& std::vector<CTRPluginFramework::ARCode, std::allocator<CTRPluginFramework::ARCode> >::emplace_back<CTRPluginFramework::ARCode>(CTRPluginFramework::ARCode&&) [clone .isra.0]
0702a910 00000140 t std::vector<CTRPluginFramework::ARCode, std::allocator<CTRPluginFramework::ARCode> >::_M_insert_rval(__gnu_cxx::__normal_iterator<CTRPluginFramework::ARCode const*, std::vector<CTRPluginFramework::ARCode, std::allocator<CTRPluginFramework::ARCode> > >, CTRPluginFramework::ARCode&&) [clone .isra.0]
0702aa50 0000030c T CTRPluginFramework::ARCodeEditor::_ReloadCodeLines()
0702ad5c 00000464 T CTRPluginFramework::ARCodeEditor::_ProcessEvent(CTRPluginFramework::Event&)
0702b1c0 00000690 T CTRPluginFramework::ARCodeEditor::CodeLine::Edit(unsigned long, unsigned long)
0702b850 000003c8 T CTRPluginFramework::ARCodeEditor::operator()(std::vector<CTRPluginFramework::Event, std::allocator<CTRPluginFramework::Event> >&)
0702bc18 000001d4 T CTRPluginFramework::ARCodeEditor::Edit(CTRPluginFramework::ARCodeContext&)
0702bdec 00000088 T CTRPluginFramework::ActionReplayPriv::Str2U32(std::__cxx11::basic_string<char, std::char_traits<char>, std::allocator<char> > const&, bool&)
0702be74 0000012c T CTRPluginFramework::ARCode::ARCode(std::__cxx11::basic_string<char, std::char_traits<char>, std::allocator<char> > const&, bool&)
0702be74 0000012c T CTRPluginFramework::ARCode::ARCode(std::__cxx11::basic_string<char, std::char_traits<char>, std::allocator<char> > const&, bool&)
0702bfa0 0000003c T CTRPluginFramework::ARCode::IsCodeWithData() const
0702bfdc 000000f4 T CTRPluginFramework::ARCode::Update(std::__cxx11::basic_string<char, std::char_traits<char>, std::allocator<char> > const&)
0702c0d0 00000078 T CTRPluginFramework::ARCode::Update()
0702c148 00000024 T CTRPluginFramework::ARCodeContext::ARCodeContext()
0702c148 00000024 T CTRPluginFramework::ARCodeContext::ARCodeContext()
0702c16c 00000028 T CTRPluginFramework::ARCode::ToString[abi:cxx11]() const
0702c194 000000c0 T CTRPluginFramework::ARCode::ARCode(CTRPluginFramework::ARCode const&)
0702c194 000000c0 T CTRPluginFramework::ARCode::ARCode(CTRPluginFramework::ARCode const&)
0702c254 00000030 T CTRPluginFramework::ARCode::ARCode(unsigned char, unsigned long, unsigned long)
0702c254 00000030 T CTRPluginFramework::ARCode::ARCode(unsigned char, unsigned long, unsigned long)
0702c284 00000040 T CTRPluginFramework::ARCodeContext::Update()
0702c2c4 000000b0 T CTRPluginFramework::ARCodeContext::Clear()
0702c374 0000004c t _GLOBAL__sub_I__ZN18CTRPluginFramework11g_codeTypesE
0702c3c0 00000020 t _GLOBAL__sub_D__ZN18CTRPluginFramework11g_codeTypesE
0702c3e0 00000030 T CTRPluginFramework::GetRatio(int, int, int, int)
0702c410 00000108 T CTRPluginFramework::PostProcess(CTRPluginFramework::BMPImage*, int, int)
0702c518 00000214 T CTRPluginFramework::Preferences::OpenConfigFile(CTRPluginFramework::File&, CTRPluginFramework::Preferences::HeaderV11&)
0702c72c 000000bc T CTRPluginFramework::Preferences::LoadSettings()
0702c7e8 000000bc T CTRPluginFramework::Preferences::LoadSavedEnabledCheats()
0702c8a4 000000bc T CTRPluginFramework::Preferences::LoadSavedFavorites()
0702c960 0000005c T CTRPluginFramework::Preferences::LoadHotkeysFromFile()
0702c9bc 000001e0 t CTRPluginFramework::Preferences::LoadBackgrounds()::{lambda(void*)#1}::_FUN(void*)
0702cb9c 000000c4 T CTRPluginFramework::Preferences::LoadBackgrounds()
0702cc60 00000158 T CTRPluginFramework::Preferences::WriteSettings()
0702cdb8 00000060 T CTRPluginFramework::Preferences::ApplyBacklight()
0702ce18 00000004 T CTRPluginFramework::Preferences::Initialize()
0702ce1c 000000a8 t _GLOBAL__sub_I__ZN18CTRPluginFramework11Preferences18topBackgroundImageE
0702cec4 0000002c t _GLOBAL__sub_D__ZN18CTRPluginFramework11Preferences18topBackgroundImageE
0702cef0 00000004 W CTRPluginFramework::DefaultRandomBackend::~DefaultRandomBackend()
0702cef0 00000004 W CTRPluginFramework::DefaultRandomBackend::~DefaultRandomBackend()
0702cef4 0000001c W CTRPluginFramework::DefaultRandomBackend::~DefaultRandomBackend()
0702cf10 000000ec t std::__cxx11::basic_string<char, std::char_traits<char>, std::allocator<char> >::_M_replace(unsigned int, unsigned int, char const*, unsigned int) [clone .isra.0]
0702cffc 00000034 t std::__cxx11::basic_string<char, std::char_traits<char>, std::allocator<char> >::operator=(char const*) [clone .isra.0]
0702d030 00000024 W std::__cxx11::basic_string<char16_t, std::char_traits<char16_t>, std::allocator<char16_t> >::_M_dispose()
0702d054 00000060 t CTRPluginFramework::GetName(std::__cxx11::basic_string<char, std::char_traits<char>, std::allocator<char> >&)
0702d0b4 0000005c T CTRPluginFramework::Utils::Format[abi:cxx11](char const*, ...)
0702d110 00000048 T CTRPluginFramework::Utils::ToHex[abi:cxx11](unsigned long)
0702d158 00000084 T CTRPluginFramework::Utils::ToString[abi:cxx11](float, int)
0702d1dc 0000008c T CTRPluginFramework::Utils::AutoSeedRandom()
0702d268 00000018 T CTRPluginFramework::Utils::Random()
0702d280 00000020 T CTRPluginFramework::Utils::Random(unsigned long, unsigned long)
0702d2a0 000000bc T CTRPluginFramework::Utils::GetSize(std::__cxx11::basic_string<char, std::char_traits<char>, std::allocator<char> > const&)
0702d35c 0000005c W std::__cxx11::basic_string<char, std::char_traits<char>, std::allocator<char> > std::operator+<char, std::char_traits<char>, std::allocator<char> >(std::__cxx11::basic_string<char, std::char_traits<char>, std::allocator<char> > const&, std::__cxx11::basic_string<char, std::char_traits<char>, std::allocator<char> > const&)
0702d3b8 0000028c t CTRPluginFramework::ListFolders(CTRPluginFramework::MenuFolderImpl&, std::__cxx11::basic_string<char, std::char_traits<char>, std::allocator<char> > const&, bool)
0702d644 00000144 T CTRPluginFramework::Utils::RemoveLastChar(std::__cxx11::basic_string<char, std::char_traits<char>, std::allocator<char> >&)
0702d788 000000a0 T CTRPluginFramework::Utils::ConvertUTF16ToUTF8(std::__cxx11::basic_string<char, std::char_traits<char>, std::allocator<char> >&, char16_t const*)
0702d828 00000038 W std::mersenne_twister_engine<unsigned int, 32u, 624u, 397u, 31u, 2567483615u, 11u, 4294967295u, 7u, 2636928640u, 15u, 4022730752u, 18u, 1812433253u>::seed(unsigned int)
0702d860 00000014 W CTRPluginFramework::DefaultRandomBackend::Seed(unsigned long long)
0702d874 00000094 T CTRPluginFramework::Utils::UseRandomBackend(CTRPluginFramework::Utils::RandomBackend*)
0702d908 00000014 T CTRPluginFramework::InitializeRandomEngine()
0702d91c 000000c8 W std::mersenne_twister_engine<unsigned int, 32u, 624u, 397u, 31u, 2567483615u, 11u, 4294967295u, 7u, 2636928640u, 15u, 4022730752u, 18u, 1812433253u>::_M_gen_rand()
0702d9e4 0000005c W CTRPluginFramework::DefaultRandomBackend::Random()
0702da40 00000704 t CTRPluginFramework::SDExplorerInternal(std::__cxx11::basic_string<char, std::char_traits<char>, std::allocator<char> >&, std::__cxx11::basic_string<char, std::char_traits<char>, std::allocator<char> > const&, bool)
0702e144 00000008 T CTRPluginFramework::Utils::FilePicker(std::__cxx11::basic_string<char, std::char_traits<char>, std::allocator<char> >&, std::__cxx11::basic_string<char, std::char_traits<char>, std::allocator<char> > const&)
0702e14c 00000048 T CTRPluginFramework::Utils::DirectoryPicker(std::__cxx11::basic_string<char, std::char_traits<char>, std::allocator<char> >&)
0702e194 0000005c t std::__cxx11::basic_string<char, std::char_traits<char>, std::allocator<char> >::basic_string(std::__cxx11::basic_string<char, std::char_traits<char>, std::allocator<char> >&&) [clone .isra.0]
0702e1f0 00000024 T CTRPluginFramework::ResetColor[abi:cxx11]()
0702e214 00000080 W std::__cxx11::basic_string<char, std::char_traits<char>, std::allocator<char> > std::operator+<char, std::char_traits<char>, std::allocator<char> >(std::__cxx11::basic_string<char, std::char_traits<char>, std::allocator<char> >&&, std::__cxx11::basic_string<char, std::char_traits<char>, std::allocator<char> >&&)
0702e294 00000014 T CTRPluginFramework::operator<<(std::__cxx11::basic_string<char, std::char_traits<char>, std::allocator<char> > const&, char const*)
0702e2a8 00000014 T CTRPluginFramework::operator<<(std::__cxx11::basic_string<char, std::char_traits<char>, std::allocator<char> > const&, std::__cxx11::basic_string<char, std::char_traits<char>, std::allocator<char> > const&)
0702e2bc 0000000c t __tcf_ZZN18CTRPluginFramework10LineWriter4endlB5cxx11EvE3end
0702e2c8 00000028 T CTRPluginFramework::LineWriter::LineWriter(CTRPluginFramework::File&)
0702e2c8 00000028 T CTRPluginFramework::LineWriter::LineWriter(CTRPluginFramework::File&)
0702e2f0 0000004c T CTRPluginFramework::LineWriter::endl[abi:cxx11]()
0702e33c 00000048 T CTRPluginFramework::LineWriter::Flush()
0702e384 0000001c T CTRPluginFramework::LineWriter::~LineWriter()
0702e384 0000001c T CTRPluginFramework::LineWriter::~LineWriter()
0702e3a0 0000005c T CTRPluginFramework::LineWriter::operator<<(std::__cxx11::basic_string<char, std::char_traits<char>, std::allocator<char> > const&)
0702e3fc 00000018 T CTRPluginFramework::LineWriter::Close()
0702e414 0000002c T CTRPluginFramework::LineReader::LineReader(CTRPluginFramework::File&)
0702e414 0000002c T CTRPluginFramework::LineReader::LineReader(CTRPluginFramework::File&)
0702e440 00000018 T CTRPluginFramework::LineReader::~LineReader()
0702e440 00000018 T CTRPluginFramework::LineReader::~LineReader()
0702e458 000000f8 T CTRPluginFramework::LineReader::operator()(std::__cxx11::basic_string<char, std::char_traits<char>, std::allocator<char> >&)
0702e550 00000028 T CTRPluginFramework::Touch::IsDown()
0702e578 00000028 T CTRPluginFramework::Touch::GetPosition()
0702e5a0 00000090 t std::_Rb_tree<unsigned long, std::pair<unsigned long const, ThreadVars*>, std::_Select1st<std::pair<unsigned long const, ThreadVars*> >, std::less<unsigned long>, std::allocator<std::pair<unsigned long const, ThreadVars*> > >::_M_get_insert_unique_pos(unsigned long const&) [clone .isra.0]
0702e630 00000030 t std::_Rb_tree<unsigned long, std::pair<unsigned long const, ThreadVars*>, std::_Select1st<std::pair<unsigned long const, ThreadVars*> >, std::less<unsigned long>, std::allocator<std::pair<unsigned long const, ThreadVars*> > >::_M_erase(std::_Rb_tree_node<std::pair<unsigned long const, ThreadVars*> >*) [clone .isra.0]
0702e660 00000034 T CTRPluginFramework::ThreadEx::ThreadEx(void (*)(void*), unsigned long, unsigned long, int)
0702e660 00000034 T CTRPluginFramework::ThreadEx::ThreadEx(void (*)(void*), unsigned long, unsigned long, int)
0702e694 00000020 T CTRPluginFramework::ThreadEx::~ThreadEx()
0702e694 00000020 T CTRPluginFramework::ThreadEx::~ThreadEx()
0702e6b4 00000054 T CTRPluginFramework::ThreadEx::Start(void*)
0702e708 00000040 T CTRPluginFramework::ThreadEx::JoinTimeout(bool, unsigned long long)
0702e748 0000000c T CTRPluginFramework::ThreadEx::Exit(int)
0702e754 00000008 T CTRPluginFramework::ThreadEx::GetStatus()
0702e75c 00000170 W std::_Rb_tree_iterator<std::pair<unsigned long const, ThreadVars*> > std::_Rb_tree<unsigned long, std::pair<unsigned long const, ThreadVars*>, std::_Select1st<std::pair<unsigned long const, ThreadVars*> >, std::less<unsigned long>, std::allocator<std::pair<unsigned long const, ThreadVars*> > >::_M_emplace_hint_unique<std::pair<unsigned long, ThreadVars*> >(std::_Rb_tree_const_iterator<std::pair<unsigned long const, ThreadVars*> >, std::pair<unsigned long, ThreadVars*>&&)
0702e8cc 00000218 T __ctrpf_getThreadVars
0702eae4 00000038 t _GLOBAL__sub_I___ctrpf_getThreadVars
0702eb1c 00000038 t _GLOBAL__sub_D___ctrpf_getThreadVars
0702eb54 00000004 W std::_Sp_counted_ptr_inplace<CTRPluginFramework::TaskContext, std::allocator<void>, (__gnu_cxx::_Lock_policy)2>::~_Sp_counted_ptr_inplace()
0702eb54 00000004 W std::_Sp_counted_ptr_inplace<CTRPluginFramework::TaskContext, std::allocator<void>, (__gnu_cxx::_Lock_policy)2>::~_Sp_counted_ptr_inplace()
0702eb58 00000004 W std::_Sp_counted_ptr_inplace<CTRPluginFramework::TaskContext, std::allocator<void>, (__gnu_cxx::_Lock_policy)2>::_M_dispose()
0702eb5c 00000034 W std::_Sp_counted_ptr_inplace<CTRPluginFramework::TaskContext, std::allocator<void>, (__gnu_cxx::_Lock_policy)2>::_M_get_deleter(std::type_info const&)
0702eb90 00000018 W std::_Sp_counted_ptr_inplace<CTRPluginFramework::TaskContext, std::allocator<void>, (__gnu_cxx::_Lock_policy)2>::~_Sp_counted_ptr_inplace()
0702eba8 00000008 W std::_Sp_counted_ptr_inplace<CTRPluginFramework::TaskContext, std::allocator<void>, (__gnu_cxx::_Lock_policy)2>::_M_destroy()
0702ebb0 00000034 t std::__shared_ptr<CTRPluginFramework::TaskContext, (__gnu_cxx::_Lock_policy)2>::operator=(std::__shared_ptr<CTRPluginFramework::TaskContext, (__gnu_cxx::_Lock_policy)2>&&) [clone .isra.0]
0702ebe4 000000a8 T CTRPluginFramework::Task::Task(long (*)(void*), void*, long)
0702ebe4 000000a8 T CTRPluginFramework::Task::Task(long (*)(void*), void*, long)
0702ec8c 00000048 T CTRPluginFramework::Task::Start() const
0702ecd4 0000004c T CTRPluginFramework::Task::Start(void*) const
0702ed20 0000006c T CTRPluginFramework::Task::Wait() const
0702ed8c 00000010 T CTRPluginFramework::System::IsNew3DS()
0702ed9c 00000010 T CTRPluginFramework::System::Reboot()
0702edac 00000040 T CTRPluginFramework::Sleep(CTRPluginFramework::Time)
0702edec 00000010 T CTRPluginFramework::Process::GetHandle()
0702edfc 00000010 T CTRPluginFramework::Process::GetTitleID()
0702ee0c 0000005c T CTRPluginFramework::Process::GetTitleID(std::__cxx11::basic_string<char, std::char_traits<char>, std::allocator<char> >&)
0702ee68 00000038 T CTRPluginFramework::Process::GetName(std::__cxx11::basic_string<char, std::char_traits<char>, std::allocator<char> >&)
0702eea0 00000024 T CTRPluginFramework::Process::GetTextSize()
0702eec4 00000008 T CTRPluginFramework::Process::Pause()
0702eecc 00000010 T CTRPluginFramework::Process::Play(unsigned long)
0702eedc 000000a0 T CTRPluginFramework::Process::CopyMemory(void*, void const*, unsigned long)
0702ef7c 00000004 T CTRPluginFramework::Process::CheckAddress(unsigned long, unsigned long)
0702ef80 0000004c T CTRPluginFramework::Process::CheckRegion(unsigned long, unsigned long&, unsigned long)
0702efcc 00000020 T CTRPluginFramework::Process::Read32(unsigned long, unsigned long&)
0702efec 00000020 T CTRPluginFramework::Process::Read16(unsigned long, unsigned short&)
0702f00c 00000020 T CTRPluginFramework::Process::Read8(unsigned long, unsigned char&)
0702f02c 00000024 T CTRPluginFramework::Process::ReturnToHomeMenu()
0702f050 0000000c T CTRPluginFramework::HookContext::GetCurrent()
0702f05c 00000030 T CTRPluginFramework::HookContext::GetCallCode()
0702f08c 00000048 T CTRPluginFramework::Hook::Hook()
0702f08c 00000048 T CTRPluginFramework::Hook::Hook()
0702f0d4 00000028 T CTRPluginFramework::Hook::Hook(CTRPluginFramework::Hook const&)
0702f0d4 00000028 T CTRPluginFramework::Hook::Hook(CTRPluginFramework::Hook const&)
0702f0fc 00000014 T CTRPluginFramework::Hook::Hook(CTRPluginFramework::Hook&&)
0702f0fc 00000014 T CTRPluginFramework::Hook::Hook(CTRPluginFramework::Hook&&)
0702f110 00000064 T CTRPluginFramework::Hook::operator=(CTRPluginFramework::Hook&&)
0702f174 00000050 T CTRPluginFramework::Hook::~Hook()
0702f174 00000050 T CTRPluginFramework::Hook::~Hook()
0702f1c4 0000001c T CTRPluginFramework::Hook::Initialize(unsigned long, unsigned long)
0702f1e0 00000028 T CTRPluginFramework::Hook::InitializeForMitm(unsigned long, unsigned long)
0702f208 00000010 T CTRPluginFramework::Hook::SetFlags(unsigned long)
0702f218 0000001c T CTRPluginFramework::Hook::IsEnabled()
0702f234 00000120 T CTRPluginFramework::Hook::Enable()
0702f354 00000030 T CTRPluginFramework::Hook::Disable()
0702f384 00000008 T CTRPluginFramework::Hook::GetContext() const
0702f38c 0000000c T CTRPluginFramework::FwkSettings::Get()
0702f398 000000cc T CTRPluginFramework::FwkSettings::SetThemeDefault()
0702f464 00000044 t std::__cxx11::basic_string<char, std::char_traits<char>, std::allocator<char> >::basic_string(std::__cxx11::basic_string<char, std::char_traits<char>, std::allocator<char> > const&) [clone .isra.0]
0702f4a8 0000009c T CTRPluginFramework::File::Close() const
0702f544 000000bc T CTRPluginFramework::File::Read(void*, unsigned long) const
0702f600 000000f0 T CTRPluginFramework::File::Write(void const*, unsigned long)
0702f6f0 000000a4 T CTRPluginFramework::File::WriteLine(std::__cxx11::basic_string<char, std::char_traits<char>, std::allocator<char> >)
0702f794 000000d8 T CTRPluginFramework::File::Seek(long long, CTRPluginFramework::File::SeekPos) const
0702f86c 00000008 T CTRPluginFramework::File::Tell() const
0702f874 00000028 T CTRPluginFramework::File::Rewind() const
0702f89c 00000030 T CTRPluginFramework::File::Flush() const
0702f8cc 00000064 T CTRPluginFramework::File::GetSize() const
0702f930 00000008 T CTRPluginFramework::File::IsOpen() const
0702f938 00000014 T CTRPluginFramework::File::GetFullName[abi:cxx11]() const
0702f94c 00000044 T CTRPluginFramework::File::File()
0702f94c 00000044 T CTRPluginFramework::File::File()
0702f990 00000028 W std::_Vector_base<unsigned short, std::allocator<unsigned short> >::~_Vector_base()
0702f990 00000028 W std::_Vector_base<unsigned short, std::allocator<unsigned short> >::~_Vector_base()
0702f9b8 00000098 T CTRPluginFramework::File::Create(std::__cxx11::basic_string<char, std::char_traits<char>, std::allocator<char> > const&)
0702fa50 000000ec T CTRPluginFramework::File::Rename(std::__cxx11::basic_string<char, std::char_traits<char>, std::allocator<char> > const&, std::__cxx11::basic_string<char, std::char_traits<char>, std::allocator<char> > const&)
0702fb3c 00000088 T CTRPluginFramework::File::Remove(std::__cxx11::basic_string<char, std::char_traits<char>, std::allocator<char> > const&)
0702fbc4 000000ac T CTRPluginFramework::File::Exists(std::__cxx11::basic_string<char, std::char_traits<char>, std::allocator<char> > const&)
0702fc70 00000140 T CTRPluginFramework::File::Open(CTRPluginFramework::File&, std::__cxx11::basic_string<char, std::char_traits<char>, std::allocator<char> > const&, int)
0702fdb0 0000005c T CTRPluginFramework::File::File(std::__cxx11::basic_string<char, std::char_traits<char>, std::allocator<char> > const&, unsigned long)
0702fdb0 0000005c T CTRPluginFramework::File::File(std::__cxx11::basic_string<char, std::char_traits<char>, std::allocator<char> > const&, unsigned long)
0702fe0c 0000009c t std::__cxx11::basic_string<char, std::char_traits<char>, std::allocator<char> >::operator=(std::__cxx11::basic_string<char, std::char_traits<char>, std::allocator<char> >&&) [clone .isra.0]
0702fea8 0000000c t CTRPluginFramework::Directory::DirectoryEntry::operator=(CTRPluginFramework::Directory::DirectoryEntry&&) [clone .isra.0]
0702feb4 00000044 t std::__cxx11::basic_string<char, std::char_traits<char>, std::allocator<char> >::basic_string(std::__cxx11::basic_string<char, std::char_traits<char>, std::allocator<char> > const&) [clone .isra.0]
0702fef8 00000068 t CTRPluginFramework::Directory::_List() const::{lambda(CTRPluginFramework::Directory::DirectoryEntry const&, CTRPluginFramework::Directory::DirectoryEntry const&)#1}::operator()(CTRPluginFramework::Directory::DirectoryEntry const&, CTRPluginFramework::Directory::DirectoryEntry const&) const [clone .isra.0]
0702ff60 0000005c t std::__cxx11::basic_string<char, std::char_traits<char>, std::allocator<char> >::basic_string(std::__cxx11::basic_string<char, std::char_traits<char>, std::allocator<char> >&&) [clone .isra.0]
0702ffbc 00000044 T CTRPluginFramework::Directory::Close() const
07030000 00000014 T CTRPluginFramework::Directory::GetFullName[abi:cxx11]() const
07030014 00000008 T CTRPluginFramework::Directory::IsOpen() const
0703001c 00000040 T CTRPluginFramework::Directory::Directory()
0703001c 00000040 T CTRPluginFramework::Directory::Directory()
0703005c 00000098 T CTRPluginFramework::Directory::Create(std::__cxx11::basic_string<char, std::char_traits<char>, std::allocator<char> > const&)
070300f4 000000a8 T CTRPluginFramework::Directory::Remove(std::__cxx11::basic_string<char, std::char_traits<char>, std::allocator<char> > const&)
0703019c 000000ec T CTRPluginFramework::Directory::Rename(std::__cxx11::basic_string<char, std::char_traits<char>, std::allocator<char> > const&, std::__cxx11::basic_string<char, std::char_traits<char>, std::allocator<char> > const&)
07030288 000000a0 T CTRPluginFramework::Directory::IsExists(std::__cxx11::basic_string<char, std::char_traits<char>, std::allocator<char> > const&)
07030328 00000094 T CTRPluginFramework::Directory::ChangeWorkingDirectory(std::__cxx11::basic_string<char, std::char_traits<char>, std::allocator<char> > const&)
070303bc 00000034 W std::vector<CTRPluginFramework::Directory::DirectoryEntry, std::allocator<CTRPluginFramework::Directory::DirectoryEntry> >::clear()
070303f0 0000007c T CTRPluginFramework::Directory::~Directory()
070303f0 0000007c T CTRPluginFramework::Directory::~Directory()
0703046c 0000017c T CTRPluginFramework::Directory::Open(CTRPluginFramework::Directory&, std::__cxx11::basic_string<char, std::char_traits<char>, std::allocator<char> > const&, bool)
070305e8 00000058 T CTRPluginFramework::Directory::Directory(std::__cxx11::basic_string<char, std::char_traits<char>, std::allocator<char> > const&, bool)
070305e8 00000058 T CTRPluginFramework::Directory::Directory(std::__cxx11::basic_string<char, std::char_traits<char>, std::allocator<char> > const&, bool)
07030640 00000038 W std::vector<std::__cxx11::basic_string<char, std::char_traits<char>, std::allocator<char> >, std::allocator<std::__cxx11::basic_string<char, std::char_traits<char>, std::allocator<char> > > >::push_back(std::__cxx11::basic_string<char, std::char_traits<char>, std::allocator<char> > const&)
07030678 0000001c W CTRPluginFramework::Directory::DirectoryEntry::DirectoryEntry(CTRPluginFramework::Directory::DirectoryEntry&&)
07030678 0000001c W CTRPluginFramework::Directory::DirectoryEntry::DirectoryEntry(CTRPluginFramework::Directory::DirectoryEntry&&)
07030694 00000108 t void std::__adjust_heap<__gnu_cxx::__normal_iterator<CTRPluginFramework::Directory::DirectoryEntry*, std::vector<CTRPluginFramework::Directory::DirectoryEntry, std::allocator<CTRPluginFramework::Directory::DirectoryEntry> > >, int, CTRPluginFramework::Directory::DirectoryEntry, CTRPluginFramework::Directory::_List() const::{lambda(CTRPluginFramework::Directory::DirectoryEntry const&, CTRPluginFramework::Directory::DirectoryEntry const&)#1}>(__gnu_cxx::__normal_iterator<CTRPluginFramework::Directory::DirectoryEntry*, std::vector<CTRPluginFramework::Directory::DirectoryEntry, std::allocator<CTRPluginFramework::Directory::DirectoryEntry> > >, int, int, CTRPluginFramework::Directory::DirectoryEntry, CTRPluginFramework::Directory::_List() const::{lambda(CTRPluginFramework::Directory::DirectoryEntry const&, CTRPluginFramework::Directory::DirectoryEntry const&)#1})
0703079c 0000005c t void std::__unguarded_linear_insert<__gnu_cxx::__normal_iterator<CTRPluginFramework::Directory::DirectoryEntry*, std::vector<CTRPluginFramework::Directory::DirectoryEntry, std::allocator<CTRPluginFramework::Directory::DirectoryEntry> > >, CTRPluginFramework::Directory::_List() const::{lambda(CTRPluginFramework::Directory::DirectoryEntry const&, CTRPluginFramework::Directory::DirectoryEntry const&)#1}>(__gnu_cxx::__normal_iterator<CTRPluginFramework::Directory::DirectoryEntry*, std::vector<CTRPluginFramework::Directory::DirectoryEntry, std::allocator<CTRPluginFramework::Directory::DirectoryEntry> > >, CTRPluginFramework::Directory::_List() const::{lambda(CTRPluginFramework::Directory::DirectoryEntry const&, CTRPluginFramework::Directory::DirectoryEntry const&)#1})
070307f8 00000098 t void std::__insertion_sort<__gnu_cxx::__normal_iterator<CTRPluginFramework::Directory::DirectoryEntry*, std::vector<CTRPluginFramework::Directory::DirectoryEntry, std::allocator<CTRPluginFramework::Directory::DirectoryEntry> > >, CTRPluginFramework::Directory::_List() const::{lambda(CTRPluginFramework::Directory::DirectoryEntry const&, CTRPluginFramework::Directory::DirectoryEntry const&)#1}>(__gnu_cxx::__normal_iterator<CTRPluginFramework::Directory::DirectoryEntry*, std::vector<CTRPluginFramework::Directory::DirectoryEntry, std::allocator<CTRPluginFramework::Directory::DirectoryEntry> > >, __gnu_cxx::__normal_iterator<CTRPluginFramework::Directory::DirectoryEntry*, std::vector<CTRPluginFramework::Directory::DirectoryEntry, std::allocator<CTRPluginFramework::Directory::DirectoryEntry> > >, CTRPluginFramework::Directory::_List() const::{lambda(CTRPluginFramework::Directory::DirectoryEntry const&, CTRPluginFramework::Directory::DirectoryEntry const&)#1})
07030890 00000084 t void std::__pop_heap<__gnu_cxx::__normal_iterator<CTRPluginFramework::Directory::DirectoryEntry*, std::vector<CTRPluginFramework::Directory::DirectoryEntry, std::allocator<CTRPluginFramework::Directory::DirectoryEntry> > >, CTRPluginFramework::Directory::_List() const::{lambda(CTRPluginFramework::Directory::DirectoryEntry const&, CTRPluginFramework::Directory::DirectoryEntry const&)#1}>(__gnu_cxx::__normal_iterator<CTRPluginFramework::Directory::DirectoryEntry*, std::vector<CTRPluginFramework::Directory::DirectoryEntry, std::allocator<CTRPluginFramework::Directory::DirectoryEntry> > >, __gnu_cxx::__normal_iterator<CTRPluginFramework::Directory::DirectoryEntry*, std::vector<CTRPluginFramework::Directory::DirectoryEntry, std::allocator<CTRPluginFramework::Directory::DirectoryEntry> > >, __gnu_cxx::__normal_iterator<CTRPluginFramework::Directory::DirectoryEntry*, std::vector<CTRPluginFramework::Directory::DirectoryEntry, std::allocator<CTRPluginFramework::Directory::DirectoryEntry> > >, CTRPluginFramework::Directory::_List() const::{lambda(CTRPluginFramework::Directory::DirectoryEntry const&, CTRPluginFramework::Directory::DirectoryEntry const&)#1}&) [clone .isra.0]
07030914 00000044 W void std::swap<CTRPluginFramework::Directory::DirectoryEntry>(CTRPluginFramework::Directory::DirectoryEntry&, CTRPluginFramework::Directory::DirectoryEntry&)
07030914 00000044 W void std::swap<CTRPluginFramework::Directory::DirectoryEntry>(CTRPluginFramework::Directory::DirectoryEntry&, CTRPluginFramework::Directory::DirectoryEntry&) requires ((!std::__is_tuple_like<CTRPluginFramework::Directory::DirectoryEntry>::value)&&(is_move_constructible_v<CTRPluginFramework::Directory::DirectoryEntry>))&&(is_move_assignable_v<CTRPluginFramework::Directory::DirectoryEntry>)
07030958 000001e0 t void std::__introsort_loop<__gnu_cxx::__normal_iterator<CTRPluginFramework::Directory::DirectoryEntry*, std::vector<CTRPluginFramework::Directory::DirectoryEntry, std::allocator<CTRPluginFramework::Directory::DirectoryEntry> > >, int, CTRPluginFramework::Directory::_List() const::{lambda(CTRPluginFramework::Directory::DirectoryEntry const&, CTRPluginFramework::Directory::DirectoryEntry const&)#1}>(__gnu_cxx::__normal_iterator<CTRPluginFramework::Directory::DirectoryEntry*, std::vector<CTRPluginFramework::Directory::DirectoryEntry, std::allocator<CTRPluginFramework::Directory::DirectoryEntry> > >, __gnu_cxx::__normal_iterator<CTRPluginFramework::Directory::DirectoryEntry*, std::vector<CTRPluginFramework::Directory::DirectoryEntry, std::allocator<CTRPluginFramework::Directory::DirectoryEntry> > >, int, CTRPluginFramework::Directory::_List() const::{lambda(CTRPluginFramework::Directory::DirectoryEntry const&, CTRPluginFramework::Directory::DirectoryEntry const&)#1}) [clone .isra.0]
07030b38 00000270 T CTRPluginFramework::Directory::_List() const
07030da8 000000d4 T CTRPluginFramework::Directory::ListFiles(std::vector<std::__cxx11::basic_string<char, std::char_traits<char>, std::allocator<char> >, std::allocator<std::__cxx11::basic_string<char, std::char_traits<char>, std::allocator<char> > > >&, std::__cxx11::basic_string<char, std::char_traits<char>, std::allocator<char> > const&) const
07030e7c 000000d8 T CTRPluginFramework::Directory::ListDirectories(std::vector<std::__cxx11::basic_string<char, std::char_traits<char>, std::allocator<char> >, std::allocator<std::__cxx11::basic_string<char, std::char_traits<char>, std::allocator<char> > > >&, std::__cxx11::basic_string<char, std::char_traits<char>, std::allocator<char> > const&) const
07030f54 0000003c T CTRPluginFramework::Controller::Update()
07030f90 00000004 T CTRPluginFramework::SoundEngine::PlayMenuSound(CTRPluginFramework::SoundEngine::Event)
07030f94 0000000c T CTRPluginFramework::Sound::Sound()
07030f94 0000000c T CTRPluginFramework::Sound::Sound()
07030fa0 00000014 T CTRPluginFramework::Sound::Sound(CTRPluginFramework::Sound&&)
07030fa0 00000014 T CTRPluginFramework::Sound::Sound(CTRPluginFramework::Sound&&)
07030fb4 00000034 T CTRPluginFramework::Sound::Sound(std::__cxx11::basic_string<char, std::char_traits<char>, std::allocator<char> > const&, int)
07030fb4 00000034 T CTRPluginFramework::Sound::Sound(std::__cxx11::basic_string<char, std::char_traits<char>, std::allocator<char> > const&, int)
07030fe8 00000090 T CTRPluginFramework::Sound::operator=(CTRPluginFramework::Sound const&)
07031078 00000070 T CTRPluginFramework::Sound::operator=(CTRPluginFramework::Sound&&)
070310e8 00000058 T CTRPluginFramework::Sound::~Sound()
070310e8 00000058 T CTRPluginFramework::Sound::~Sound()
07031140 00000018 T CTRPluginFramework::Sound::GetLoadStatus()
07031158 00000040 T CTRPluginFramework::Sound::Play(int, int)
07031198 00000008 T CTRPluginFramework::Sound::Play(int)
070311a0 00000008 T CTRPluginFramework::Sound::Play()
070311a8 00000048 T CTRPluginFramework::MessageBox::MessageBox(std::__cxx11::basic_string<char, std::char_traits<char>, std::allocator<char> > const&, std::__cxx11::basic_string<char, std::char_traits<char>, std::allocator<char> > const&, CTRPluginFramework::DialogType, CTRPluginFramework::ClearScreen)
070311a8 00000048 T CTRPluginFramework::MessageBox::MessageBox(std::__cxx11::basic_string<char, std::char_traits<char>, std::allocator<char> > const&, std::__cxx11::basic_string<char, std::char_traits<char>, std::allocator<char> > const&, CTRPluginFramework::DialogType, CTRPluginFramework::ClearScreen)
070311f0 0000003c T CTRPluginFramework::MessageBox::MessageBox(std::__cxx11::basic_string<char, std::char_traits<char>, std::allocator<char> > const&, CTRPluginFramework::DialogType, CTRPluginFramework::ClearScreen)
070311f0 0000003c T CTRPluginFramework::MessageBox::MessageBox(std::__cxx11::basic_string<char, std::char_traits<char>, std::allocator<char> > const&, CTRPluginFramework::DialogType, CTRPluginFramework::ClearScreen)
0703122c 00000040 T CTRPluginFramework::MessageBox::~MessageBox()
0703122c 00000040 T CTRPluginFramework::MessageBox::~MessageBox()
0703126c 00000008 T CTRPluginFramework::MessageBox::operator()() const
07031274 00000028 T CTRPluginFramework::MenuFolder::~MenuFolder()
07031274 00000028 T CTRPluginFramework::MenuFolder::~MenuFolder()
0703129c 00000044 t std::__cxx11::basic_string<char, std::char_traits<char>, std::allocator<char> >::basic_string(std::__cxx11::basic_string<char, std::char_traits<char>, std::allocator<char> > const&) [clone .isra.0]
070312e0 0000005c t std::__cxx11::basic_string<char, std::char_traits<char>, std::allocator<char> >::basic_string(std::__cxx11::basic_string<char, std::char_traits<char>, std::allocator<char> >&&) [clone .isra.0]
0703133c 00000070 t std::__cxx11::basic_string<char, std::char_traits<char>, std::allocator<char> >::basic_string<std::allocator<char> >(char const*, std::allocator<char> const&) [clone .constprop.0] [clone .isra.0]
070313ac 00000008 T CTRPluginFramework::Hotkey::operator=(unsigned long)
070313b4 00000088 T CTRPluginFramework::Hotkey::AskForKeys()
0703143c 00000078 T CTRPluginFramework::KeysToString[abi:cxx11](unsigned long)
070314b4 00000104 T CTRPluginFramework::Hotkey::ToString[abi:cxx11](bool) const
070315b8 00000048 T CTRPluginFramework::HotkeyManager::~HotkeyManager()
070315b8 00000048 T CTRPluginFramework::HotkeyManager::~HotkeyManager()
07031600 00000030 T CTRPluginFramework::HotkeyManager::operator[](unsigned long)
07031630 000000c0 T CTRPluginFramework::HotkeyManager::ToString[abi:cxx11]()
070316f0 00000204 T CTRPluginFramework::HotkeyManager::AskForKeys()
070318f4 0000001c T CTRPluginFramework::HotkeyManager::Count()
07031910 00000148 t _GLOBAL__sub_I__ZN18CTRPluginFramework6HotkeyC2Ev
07031a58 00000034 t _GLOBAL__sub_D__ZN18CTRPluginFramework6HotkeyC2Ev
07031a8c 00000030 T CTRPluginFramework::MenuEntry::~MenuEntry()
07031a8c 00000030 T CTRPluginFramework::MenuEntry::~MenuEntry()
07031abc 00000008 T CTRPluginFramework::MenuEntry::RefreshNote() const
07031ac4 000000b8 t std::__cxx11::basic_string<char, std::char_traits<char>, std::allocator<char> >::assign(char const*) [clone .isra.0]
07031b7c 0000009c t std::__cxx11::basic_string<char, std::char_traits<char>, std::allocator<char> >::operator=(std::__cxx11::basic_string<char, std::char_traits<char>, std::allocator<char> >&&) [clone .isra.0]
07031c18 000000c4 T CTRPluginFramework::ConvertToFloat(std::__cxx11::basic_string<char, std::char_traits<char>, std::allocator<char> >&, bool)
07031cdc 00000098 T CTRPluginFramework::stou32(std::__cxx11::basic_string<char, std::char_traits<char>, std::allocator<char> >&, unsigned long&)
07031d74 0000008c T CTRPluginFramework::ConvertToU8(std::__cxx11::basic_string<char, std::char_traits<char>, std::allocator<char> >&, bool)
07031e00 00000090 T CTRPluginFramework::ConvertToU16(std::__cxx11::basic_string<char, std::char_traits<char>, std::allocator<char> >&, bool)
07031e90 0000008c T CTRPluginFramework::ConvertToU32(std::__cxx11::basic_string<char, std::char_traits<char>, std::allocator<char> >&, bool)
07031f1c 00000048 T CTRPluginFramework::Keyboard::Keyboard(std::__cxx11::basic_string<char, std::char_traits<char>, std::allocator<char> > const&)
07031f1c 00000048 T CTRPluginFramework::Keyboard::Keyboard(std::__cxx11::basic_string<char, std::char_traits<char>, std::allocator<char> > const&)
07031f64 0000006c T CTRPluginFramework::Keyboard::Keyboard(std::__cxx11::basic_string<char, std::char_traits<char>, std::allocator<char> > const&, std::vector<std::__cxx11::basic_string<char, std::char_traits<char>, std::allocator<char> >, std::allocator<std::__cxx11::basic_string<char, std::char_traits<char>, std::allocator<char> > > > const&)
07031f64 0000006c T CTRPluginFramework::Keyboard::Keyboard(std::__cxx11::basic_string<char, std::char_traits<char>, std::allocator<char> > const&, std::vector<std::__cxx11::basic_string<char, std::char_traits<char>, std::allocator<char> >, std::allocator<std::__cxx11::basic_string<char, std::char_traits<char>, std::allocator<char> > > > const&)
07031fd0 00000030 T CTRPluginFramework::Keyboard::~Keyboard()
07031fd0 00000030 T CTRPluginFramework::Keyboard::~Keyboard()
07032000 00000008 T CTRPluginFramework::Keyboard::IsHexadecimal(bool)
07032008 0000001c T CTRPluginFramework::Keyboard::Populate(std::vector<std::__cxx11::basic_string<char, std::char_traits<char>, std::allocator<char> >, std::allocator<std::__cxx11::basic_string<char, std::char_traits<char>, std::allocator<char> > > > const&, bool)
07032024 00000044 T CTRPluginFramework::Keyboard::Open() const
07032068 000000c8 T CTRPluginFramework::Keyboard::Open(unsigned char&) const
07032130 00000108 T CTRPluginFramework::Keyboard::Open(unsigned char&, unsigned char) const
07032238 000000c8 T CTRPluginFramework::Keyboard::Open(unsigned short&) const
07032300 00000108 T CTRPluginFramework::Keyboard::Open(unsigned short&, unsigned short) const
07032408 000000c8 T CTRPluginFramework::Keyboard::Open(unsigned long&) const
070324d0 00000108 T CTRPluginFramework::Keyboard::Open(unsigned long&, unsigned long) const
070325d8 0000009c T CTRPluginFramework::Keyboard::Open(float&) const
07032674 000000d4 T CTRPluginFramework::Keyboard::Open(float&, float) const
07032748 00000078 T CTRPluginFramework::Keyboard::Open(std::__cxx11::basic_string<char, std::char_traits<char>, std::allocator<char> >&) const
070327c0 0000008c T CTRPluginFramework::Keyboard::Open(std::__cxx11::basic_string<char, std::char_traits<char>, std::allocator<char> >&, std::__cxx11::basic_string<char, std::char_traits<char>, std::allocator<char> > const&) const
0703284c 00000008 T CTRPluginFramework::Keyboard::GetInput[abi:cxx11]() const
07032854 00000008 T CTRPluginFramework::Keyboard::GetMessage[abi:cxx11]() const
0703285c 00000008 T CTRPluginFramework::Keyboard::OnKeyboardEvent(void (*)(CTRPluginFramework::Keyboard&, CTRPluginFramework::KeyboardEvent&)) const
07032864 00000070 t std::__detail::_Hash_node_base* std::_Hashtable<int, std::pair<int const, std::__cxx11::basic_string<char16_t, std::char_traits<char16_t>, std::allocator<char16_t> > >, std::allocator<std::pair<int const, std::__cxx11::basic_string<char16_t, std::char_traits<char16_t>, std::allocator<char16_t> > > >, std::__detail::_Select1st, std::equal_to<int>, std::hash<int>, std::__detail::_Mod_range_hashing, std::__detail::_Default_ranged_hash, std::__detail::_Prime_rehash_policy, std::__detail::_Hashtable_traits<false, false, true> >::_M_find_before_node_tr<int>(unsigned int, int const&, unsigned int) const [clone .isra.0]
070328d4 00000020 W std::_Hashtable<int, std::pair<int const, std::__cxx11::basic_string<char16_t, std::char_traits<char16_t>, std::allocator<char16_t> > >, std::allocator<std::pair<int const, std::__cxx11::basic_string<char16_t, std::char_traits<char16_t>, std::allocator<char16_t> > > >, std::__detail::_Select1st, std::equal_to<int>, std::hash<int>, std::__detail::_Mod_range_hashing, std::__detail::_Default_ranged_hash, std::__detail::_Prime_rehash_policy, std::__detail::_Hashtable_traits<false, false, true> >::_M_deallocate_buckets()
070328f4 000000a4 W std::_Hashtable<int, std::pair<int const, std::__cxx11::basic_string<char16_t, std::char_traits<char16_t>, std::allocator<char16_t> > >, std::allocator<std::pair<int const, std::__cxx11::basic_string<char16_t, std::char_traits<char16_t>, std::allocator<char16_t> > > >, std::__detail::_Select1st, std::equal_to<int>, std::hash<int>, std::__detail::_Mod_range_hashing, std::__detail::_Default_ranged_hash, std::__detail::_Prime_rehash_policy, std::__detail::_Hashtable_traits<false, false, true> >::__location_type std::_Hashtable<int, std::pair<int const, std::__cxx11::basic_string<char16_t, std::char_traits<char16_t>, std::allocator<char16_t> > >, std::allocator<std::pair<int const, std::__cxx11::basic_string<char16_t, std::char_traits<char16_t>, std::allocator<char16_t> > > >, std::__detail::_Select1st, std::equal_to<int>, std::hash<int>, std::__detail::_Mod_range_hashing, std::__detail::_Default_ranged_hash, std::__detail::_Prime_rehash_policy, std::__detail::_Hashtable_traits<false, false, true> >::_M_locate_tr<int>(int const&) const
07032998 00000028 W std::_Hashtable<int, std::pair<int const, std::__cxx11::basic_string<char16_t, std::char_traits<char16_t>, std::allocator<char16_t> > >, std::allocator<std::pair<int const, std::__cxx11::basic_string<char16_t, std::char_traits<char16_t>, std::allocator<char16_t> > > >, std::__detail::_Select1st, std::equal_to<int>, std::hash<int>, std::__detail::_Mod_range_hashing, std::__detail::_Default_ranged_hash, std::__detail::_Prime_rehash_policy, std::__detail::_Hashtable_traits<false, false, true> >::find(int const&)
070329c0 000000e4 T CTRPluginFramework::Render::PullRandomCharacter[abi:cxx11](int)
07032aa4 00000038 t _GLOBAL__sub_I__ZN18CTRPluginFramework6Render11_randomSetsB5cxx11E
07032adc 00000048 t _GLOBAL__sub_D__ZN18CTRPluginFramework6Render11_randomSetsB5cxx11E
07032b24 00000010 T CTRPluginFramework::CustomIcon::CustomIcon(CTRPluginFramework::CustomIcon::Pixel*, int, int, bool)
07032b24 00000010 T CTRPluginFramework::CustomIcon::CustomIcon(CTRPluginFramework::CustomIcon::Pixel*, int, int, bool)
07032b34 0000001c T CTRPluginFramework::CustomIcon::CustomIcon()
07032b34 0000001c T CTRPluginFramework::CustomIcon::CustomIcon()
07032b50 000004b0 t cwav_initialize
07033000 000000e8 t cwav_stopImpl.part.0
070330e8 00000004 T cwavUseEnvironment
070330ec 00000034 T cwavSetVAToPACallback
07033120 00000068 T cwavLoad
07033188 000004bc T cwavPlay
07033644 00000064 T cwavStop
070336a8 00000184 T cwavFree
0703382c 0000003c T fontEnsureMappedExtension
07033868 0000002c W MemBlock::Create(unsigned char*, unsigned long)
07033894 00000034 W MemPool::DelBlock(MemBlock*)
070338c8 0000005c T MemPool::CoalesceRight(MemBlock*)
07033924 00000108 T MemPool::Allocate(MemChunk&, unsigned long, int)
07033a2c 00000100 T MemPool::Deallocate(MemChunk const&)
07033b2c 00000020 T MemPool::GetFreeSpace()
07033b4c 000001f4 T CTRPluginFramework::FSPath::SdmcFixPath(std::__cxx11::basic_string<char, std::char_traits<char>, std::allocator<char> >&)
07033d40 00000104 W std::vector<unsigned short, std::allocator<unsigned short> >::_M_fill_append(unsigned int, unsigned short const&)
07033e44 000000c4 T CTRPluginFramework::FSPath::FSPath(std::__cxx11::basic_string<char, std::char_traits<char>, std::allocator<char> >)
07033e44 000000c4 T CTRPluginFramework::FSPath::FSPath(std::__cxx11::basic_string<char, std::char_traits<char>, std::allocator<char> >)
07033f08 0000000c t _GLOBAL__sub_I__ZN18CTRPluginFramework6FSPath7FSMutexE
07033f14 00000034 t _GLOBAL__sub_D__ZN18CTRPluginFramework6FSPath7FSMutexE
07033f48 00000028 t CTRPluginFramework::Event** std::copy<CTRPluginFramework::Event**, CTRPluginFramework::Event**>(CTRPluginFramework::Event**, CTRPluginFramework::Event**, CTRPluginFramework::Event**) [clone .isra.0]
07033f70 00000078 T CTRPluginFramework::EventManager::EventManager(unsigned long)
07033f70 00000078 T CTRPluginFramework::EventManager::EventManager(unsigned long)
07033fe8 00000050 W std::deque<CTRPluginFramework::Event, std::allocator<CTRPluginFramework::Event> >::pop_front()
07034038 00000030 T CTRPluginFramework::EventManager::Clear()
07034068 000001a8 W void std::deque<CTRPluginFramework::Event, std::allocator<CTRPluginFramework::Event> >::_M_push_back_aux<CTRPluginFramework::Event const&>(CTRPluginFramework::Event const&)
07034210 00000070 T CTRPluginFramework::EventManager::PushEvent(CTRPluginFramework::Event const&)
07034280 000002e4 T CTRPluginFramework::EventManager::ProcessEvents()
07034568 000000c4 T CTRPluginFramework::EventManager::PopEvent(CTRPluginFramework::Event&, bool)
0703462c 00000008 T CTRPluginFramework::EventManager::PollEvent(CTRPluginFramework::Event&)
07034634 000000c4 T CTRPluginFramework::SoundImpl::SoundImpl(std::__cxx11::basic_string<char, std::char_traits<char>, std::allocator<char> > const&, int)
07034634 000000c4 T CTRPluginFramework::SoundImpl::SoundImpl(std::__cxx11::basic_string<char, std::char_traits<char>, std::allocator<char> > const&, int)
070346f8 00000008 T CTRPluginFramework::SoundImpl::GetLoadStatus()
07034700 00000018 T CTRPluginFramework::SoundImpl::Play(int, int)
07034718 00000028 T CTRPluginFramework::SoundImpl::~SoundImpl()
07034718 00000028 T CTRPluginFramework::SoundImpl::~SoundImpl()
07034740 00000290 T CTRPluginFramework::Search32::FirstSearchSpecifiedU8(unsigned long, CTRPluginFramework::SearchFlags, CTRPluginFramework::Results32*)
070349d0 000002a8 T CTRPluginFramework::Search32::FirstSearchSpecifiedU16(unsigned long, CTRPluginFramework::SearchFlags, CTRPluginFramework::Results32*)
07034c78 00000290 T CTRPluginFramework::Search32::FirstSearchSpecifiedU32(unsigned long, CTRPluginFramework::SearchFlags, CTRPluginFramework::Results32*)
07034f08 00000034 T CTRPluginFramework::AlmostEqualRelative(float, float, float)
07034f3c 0000031c T CTRPluginFramework::Search32::FirstSearchSpecifiedFloat(unsigned long, CTRPluginFramework::SearchFlags, CTRPluginFramework::Results32*)
07035258 00000044 T CTRPluginFramework::SubMenu::~SubMenu()
07035258 00000044 T CTRPluginFramework::SubMenu::~SubMenu()
0703529c 0000001c T CTRPluginFramework::SubMenu::operator()()
070352b8 000001f8 T CTRPluginFramework::SubMenu::Draw()
070354b0 000000d4 T CTRPluginFramework::SubMenu::ProcessEvent(CTRPluginFramework::Event const&)
07035584 00000008 T CTRPluginFramework::SubMenu::IsOpen()
0703558c 0000001c T CTRPluginFramework::SubMenu::OptionsCount()
070355a8 00000038 W std::__cxx11::basic_string<char, std::char_traits<char>, std::allocator<char> >* std::__do_uninit_copy<__gnu_cxx::__normal_iterator<std::__cxx11::basic_string<char, std::char_traits<char>, std::allocator<char> > const*, std::vector<std::__cxx11::basic_string<char, std::char_traits<char>, std::allocator<char> >, std::allocator<std::__cxx11::basic_string<char, std::char_traits<char>, std::allocator<char> > > > >, __gnu_cxx::__normal_iterator<std::__cxx11::basic_string<char, std::char_traits<char>, std::allocator<char> > const*, std::vector<std::__cxx11::basic_string<char, std::char_traits<char>, std::allocator<char> >, std::allocator<std::__cxx11::basic_string<char, std::char_traits<char>, std::allocator<char> > > > >, std::__cxx11::basic_string<char, std::char_traits<char>, std::allocator<char> >*>(__gnu_cxx::__normal_iterator<std::__cxx11::basic_string<char, std::char_traits<char>, std::allocator<char> > const*, std::vector<std::__cxx11::basic_string<char, std::char_traits<char>, std::allocator<char> >, std::allocator<std::__cxx11::basic_string<char, std::char_traits<char>, std::allocator<char> > > > >, __gnu_cxx::__normal_iterator<std::__cxx11::basic_string<char, std::char_traits<char>, std::allocator<char> > const*, std::vector<std::__cxx11::basic_string<char, std::char_traits<char>, std::allocator<char> >, std::allocator<std::__cxx11::basic_string<char, std::char_traits<char>, std::allocator<char> > > > >, std::__cxx11::basic_string<char, std::char_traits<char>, std::allocator<char> >*)
070355e0 00000064 T CTRPluginFramework::SubMenu::SubMenu(std::vector<std::__cxx11::basic_string<char, std::char_traits<char>, std::allocator<char> >, std::allocator<std::__cxx11::basic_string<char, std::char_traits<char>, std::allocator<char> > > > const&)
070355e0 00000064 T CTRPluginFramework::SubMenu::SubMenu(std::vector<std::__cxx11::basic_string<char, std::char_traits<char>, std::allocator<char> >, std::allocator<std::__cxx11::basic_string<char, std::char_traits<char>, std::allocator<char> > > > const&)
07035644 00000174 T CTRPluginFramework::SubMenu::ChangeOptions(std::vector<std::__cxx11::basic_string<char, std::char_traits<char>, std::allocator<char> >, std::allocator<std::__cxx11::basic_string<char, std::char_traits<char>, std::allocator<char> > > > const&)
070357b8 00000014 t CTRPluginFramework::PluginMenuTools::InitMenu()::{lambda()#1}::_FUN()
070357cc 00000014 t CTRPluginFramework::PluginMenuTools::InitMenu()::{lambda()#2}::_FUN()
070357e0 00000014 t CTRPluginFramework::PluginMenuTools::InitMenu()::{lambda()#3}::_FUN()
070357f4 00000004 t CTRPluginFramework::PluginMenuTools::InitMenu()::{lambda()#14}::_FUN()
070357f8 00000004 t CTRPluginFramework::PluginMenuTools::InitMenu()::{lambda()#13}::_FUN()
070357fc 00000028 t CTRPluginFramework::Screenshot_Enabler(CTRPluginFramework::MenuEntryTools*)
07035824 0000008c t __tcf_ZZN18CTRPluginFramework15PluginMenuToolsclERSt6vectorINS_5EventESaIS2_EERNS_4TimeEE4task
070358b0 00000034 t std::__cxx11::basic_string<char, std::char_traits<char>, std::allocator<char> >::operator=(char const*) [clone .isra.0]
070358e4 00000044 t CTRPluginFramework::ScreenshotMenuCallback()::{lambda(CTRPluginFramework::Keyboard&, CTRPluginFramework::KeyboardEvent&)#1}::_FUN(CTRPluginFramework::Keyboard&, CTRPluginFramework::KeyboardEvent&)
07035928 0000009c t std::__cxx11::basic_string<char, std::char_traits<char>, std::allocator<char> >::operator=(std::__cxx11::basic_string<char, std::char_traits<char>, std::allocator<char> >&&) [clone .isra.0]
070359c4 00000044 t std::__cxx11::basic_string<char, std::char_traits<char>, std::allocator<char> >::basic_string(std::__cxx11::basic_string<char, std::char_traits<char>, std::allocator<char> > const&) [clone .isra.0]
07035a08 00000108 t CTRPluginFramework::FsTryOpenFileCallback(unsigned long, char16_t*, unsigned long)
07035b10 0000005c t std::__cxx11::basic_string<char, std::char_traits<char>, std::allocator<char> >::basic_string(std::__cxx11::basic_string<char, std::char_traits<char>, std::allocator<char> >&&) [clone .isra.0]
07035b6c 00000070 t std::__cxx11::basic_string<char, std::char_traits<char>, std::allocator<char> >::basic_string<std::allocator<char> >(char const*, std::allocator<char> const&) [clone .constprop.0] [clone .isra.0]
07035bdc 00000064 t CTRPluginFramework::MenuHotkeyModifier()
07035c40 00000178 t CTRPluginFramework::InitFsTryOpenFileHook() [clone .part.0]
07035db8 000000bc t CTRPluginFramework::_DisplayLoadedFiles(CTRPluginFramework::MenuEntryTools*)
07035e74 00000190 t CTRPluginFramework::_WriteLoadedFiles(CTRPluginFramework::MenuEntryTools*)
07036004 00000134 W std::__cxx11::to_string(int)
07036138 0000012c t CTRPluginFramework::ConfirmBeforeProceed(std::__cxx11::basic_string<char, std::char_traits<char>, std::allocator<char> > const&)
07036264 00000048 t CTRPluginFramework::Reboot()
070362ac 00000054 t CTRPluginFramework::Shutdown()
07036300 00000024 W CTRPluginFramework::Preferences::Toggle(unsigned long long)
07036324 00000014 t CTRPluginFramework::PluginMenuTools::InitMenu()::{lambda()#12}::_FUN()
07036338 00000014 t CTRPluginFramework::PluginMenuTools::InitMenu()::{lambda()#11}::_FUN()
0703634c 00000014 t CTRPluginFramework::PluginMenuTools::InitMenu()::{lambda()#10}::_FUN()
07036360 00000014 t CTRPluginFramework::PluginMenuTools::InitMenu()::{lambda()#9}::_FUN()
07036374 00000014 t CTRPluginFramework::PluginMenuTools::InitMenu()::{lambda()#8}::_FUN()
07036388 00000014 t CTRPluginFramework::PluginMenuTools::InitMenu()::{lambda()#7}::_FUN()
0703639c 00000014 t CTRPluginFramework::PluginMenuTools::InitMenu()::{lambda()#6}::_FUN()
070363b0 00000014 t CTRPluginFramework::PluginMenuTools::InitMenu()::{lambda()#5}::_FUN()
070363c4 00000014 t CTRPluginFramework::PluginMenuTools::InitMenu()::{lambda()#4}::_FUN()
070363d8 00000150 T CTRPluginFramework::PluginMenuTools::UpdateSettings()
07036528 00000ae4 T CTRPluginFramework::PluginMenuTools::InitMenu()
0703700c 00000188 T CTRPluginFramework::PluginMenuTools::PluginMenuTools(std::__cxx11::basic_string<char, std::char_traits<char>, std::allocator<char> >&, CTRPluginFramework::HexEditor&)
0703700c 00000188 T CTRPluginFramework::PluginMenuTools::PluginMenuTools(std::__cxx11::basic_string<char, std::char_traits<char>, std::allocator<char> >&, CTRPluginFramework::HexEditor&)
07037194 0000014c T CTRPluginFramework::PluginMenuTools::_RenderBottom()
070372e0 00000040 T CTRPluginFramework::PluginMenuTools::_Update(CTRPluginFramework::Time)
07037320 00000140 W std::__cxx11::basic_string<char, std::char_traits<char>, std::allocator<char> > CTRPluginFramework::operator<< <unsigned long, (void*)0>(std::__cxx11::basic_string<char, std::char_traits<char>, std::allocator<char> > const&, unsigned long)
07037460 000001f8 t CTRPluginFramework::UpdateScreenshotText()
07037658 00000394 t CTRPluginFramework::ScreenshotMenuCallback()
070379ec 0000012c T CTRPluginFramework::PluginMenuTools::_ProcessEvent(CTRPluginFramework::Event&)
07037b18 00000160 T CTRPluginFramework::PluginMenuTools::operator()(std::vector<CTRPluginFramework::Event, std::allocator<CTRPluginFramework::Event> >&, CTRPluginFramework::Time&)
07037c78 0000061c t CTRPluginFramework::EditBacklight(CTRPluginFramework::MenuEntryTools*)
07038294 00000020 t _GLOBAL__sub_I__ZN18CTRPluginFramework15PluginMenuToolsC2ERNSt7__cxx1112basic_stringIcSt11char_traitsIcESaIcEEERNS_9HexEditorE
070382b4 00000048 t _GLOBAL__sub_D__ZN18CTRPluginFramework15PluginMenuToolsC2ERNSt7__cxx1112basic_stringIcSt11char_traitsIcESaIcEEERNS_9HexEditorE
070382fc 00000038 T CTRPluginFramework::PluginMenuTools::_RenderTop()
07038334 00000010 t CTRPluginFramework::PluginMenuTools::operator()(std::vector<CTRPluginFramework::Event, std::allocator<CTRPluginFramework::Event> >&, CTRPluginFramework::Time&)::{lambda(void*)#1}::_FUN(void*)
07038344 0000005c t std::__cxx11::basic_string<char, std::char_traits<char>, std::allocator<char> >::basic_string(std::__cxx11::basic_string<char, std::char_traits<char>, std::allocator<char> >&&) [clone .isra.0]
070383a0 00000070 t std::__cxx11::basic_string<char, std::char_traits<char>, std::allocator<char> >::basic_string<std::allocator<char> >(char const*, std::allocator<char> const&) [clone .constprop.0] [clone .isra.0]
07038410 0000012c t CTRPluginFramework::ClearSearchFolder()
0703853c 00000060 T CTRPluginFramework::PluginMenuSearch::_RenderTop()
0703859c 00000118 T CTRPluginFramework::PluginMenuSearch::_RenderBottom()
070386b4 00000058 T CTRPluginFramework::PluginMenuSearch::_Update(CTRPluginFramework::Time)
0703870c 00000010 T CTRPluginFramework::PluginMenuSearch::_cancelBtn_OnClick()
0703871c 0000016c T CTRPluginFramework::PluginMenuSearch::_PopulateSearchType(bool)
07038888 00000460 T CTRPluginFramework::PluginMenuSearch::PluginMenuSearch(CTRPluginFramework::HexEditor&)
07038888 00000460 T CTRPluginFramework::PluginMenuSearch::PluginMenuSearch(CTRPluginFramework::HexEditor&)
07038ce8 000000b0 W std::__cxx11::basic_string<char, std::char_traits<char>, std::allocator<char> > __gnu_cxx::__to_xstring<std::__cxx11::basic_string<char, std::char_traits<char>, std::allocator<char> >, char>(int (*)(char*, unsigned int, char const*, std::__va_list), unsigned int, char const*, ...)
07038d98 000004e4 T CTRPluginFramework::PluginMenuSearch::_ShowProgressWindow(void*)
0703927c 00000034 W std::__cxx11::list<CTRPluginFramework::Search*, std::allocator<CTRPluginFramework::Search*> >::push_back(CTRPluginFramework::Search* const&)
070392b0 00000280 T CTRPluginFramework::PluginMenuSearch::RestoreSearchState()
07039530 0000002c W std::__cxx11::list<CTRPluginFramework::Search*, std::allocator<CTRPluginFramework::Search*> >::pop_back()
0703955c 00000070 T CTRPluginFramework::PluginMenuSearch::_undoBtn_OnClick()
070395cc 000000ac W void std::vector<CTRPluginFramework::Region, std::allocator<CTRPluginFramework::Region> >::_M_realloc_append<CTRPluginFramework::Region const&>(CTRPluginFramework::Region const&)
07039678 00000030 W std::vector<CTRPluginFramework::Region, std::allocator<CTRPluginFramework::Region> >::push_back(CTRPluginFramework::Region const&)
070396a8 00000250 T CTRPluginFramework::PluginMenuSearch::_ListRegion()
070398f8 000000e8 T CTRPluginFramework::PluginMenuSearch::_resetBtn_OnClick()
070399e0 00000040 T CTRPluginFramework::PluginMenuSearch::GetRegionsList(std::vector<CTRPluginFramework::Region, std::allocator<CTRPluginFramework::Region> >&)
07039a20 000002b8 T CTRPluginFramework::PluginMenuSearch::_searchBtn_OnClick()
07039cd8 000003a4 T CTRPluginFramework::PluginMenuSearch::operator()(std::vector<CTRPluginFramework::Event, std::allocator<CTRPluginFramework::Event> >&, CTRPluginFramework::Time&)
0703a07c 00000020 T CTRPluginFramework::MenuEntryTools::Disable()
0703a09c 00000020 W CTRPluginFramework::MenuEntryTools::~MenuEntryTools()
0703a09c 00000020 W CTRPluginFramework::MenuEntryTools::~MenuEntryTools()
0703a0bc 00000020 W CTRPluginFramework::MenuEntryTools::~MenuEntryTools()
0703a0dc 00000058 T CTRPluginFramework::MenuEntryTools::Enable()
0703a134 00000094 T CTRPluginFramework::MenuEntryTools::MenuEntryTools(std::__cxx11::basic_string<char, std::char_traits<char>, std::allocator<char> > const&, void (*)(), int (*)(int, int), void*)
0703a134 00000094 T CTRPluginFramework::MenuEntryTools::MenuEntryTools(std::__cxx11::basic_string<char, std::char_traits<char>, std::allocator<char> > const&, void (*)(), int (*)(int, int), void*)
0703a1c8 00000060 T CTRPluginFramework::MenuEntryTools::MenuEntryTools(std::__cxx11::basic_string<char, std::char_traits<char>, std::allocator<char> > const&, void (*)(), bool, bool, std::__cxx11::basic_string<char, std::char_traits<char>, std::allocator<char> > const&)
0703a1c8 00000060 T CTRPluginFramework::MenuEntryTools::MenuEntryTools(std::__cxx11::basic_string<char, std::char_traits<char>, std::allocator<char> > const&, void (*)(), bool, bool, std::__cxx11::basic_string<char, std::char_traits<char>, std::allocator<char> > const&)
0703a228 00000060 T CTRPluginFramework::MenuEntryTools::MenuEntryTools(std::__cxx11::basic_string<char, std::char_traits<char>, std::allocator<char> > const&, void (*)(CTRPluginFramework::MenuEntryTools*), bool, bool, std::__cxx11::basic_string<char, std::char_traits<char>, std::allocator<char> > const&)
0703a228 00000060 T CTRPluginFramework::MenuEntryTools::MenuEntryTools(std::__cxx11::basic_string<char, std::char_traits<char>, std::allocator<char> > const&, void (*)(CTRPluginFramework::MenuEntryTools*), bool, bool, std::__cxx11::basic_string<char, std::char_traits<char>, std::allocator<char> > const&)
0703a288 00000004 T CTRPluginFramework::MenuEntryTools::TriggerState()
0703a28c 00000034 t CTRPluginFramework::GetIndex(int)
0703a2c0 00000098 T CTRPluginFramework::HotkeysModifier::_DrawTop() const
0703a358 0000012c T CTRPluginFramework::HotkeysModifier::_DrawBottom()
0703a484 00000074 T CTRPluginFramework::HotkeysModifier::_Update()
0703a4f8 000001cc T CTRPluginFramework::HotkeysModifier::operator()()
0703a6c4 0000002c W void std::_Destroy<CTRPluginFramework::Button*>(CTRPluginFramework::Button*, CTRPluginFramework::Button*)
0703a6f0 00000038 T CTRPluginFramework::HotkeysModifier::~HotkeysModifier()
0703a6f0 00000038 T CTRPluginFramework::HotkeysModifier::~HotkeysModifier()
0703a728 00000078 W CTRPluginFramework::Button::Button(CTRPluginFramework::Button const&)
0703a728 00000078 W CTRPluginFramework::Button::Button(CTRPluginFramework::Button const&)
0703a7a0 000000d0 W void std::vector<CTRPluginFramework::Button, std::allocator<CTRPluginFramework::Button> >::_M_realloc_append<CTRPluginFramework::Button const&>(CTRPluginFramework::Button const&)
0703a870 00000038 W std::vector<CTRPluginFramework::Button, std::allocator<CTRPluginFramework::Button> >::push_back(CTRPluginFramework::Button const&)
0703a8a8 00000158 T CTRPluginFramework::HotkeysModifier::HotkeysModifier(unsigned long&, std::__cxx11::basic_string<char, std::char_traits<char>, std::allocator<char> > const&)
0703a8a8 00000158 T CTRPluginFramework::HotkeysModifier::HotkeysModifier(unsigned long&, std::__cxx11::basic_string<char, std::char_traits<char>, std::allocator<char> > const&)
0703aa00 00000070 t std::__cxx11::basic_string<char, std::char_traits<char>, std::allocator<char> >::_M_append(char const*, unsigned int) [clone .isra.0]
0703aa70 00000050 t std::__cxx11::basic_string<char, std::char_traits<char>, std::allocator<char> >::operator+=(char const*) [clone .isra.0]
0703aac0 00000030 t std::__cxx11::basic_string<char, std::char_traits<char>, std::allocator<char> >::append(char const*, unsigned int) [clone .isra.0]
0703aaf0 0000004c T CTRPluginFramework::GatewayRAMDumper::GatewayRAMDumper()
0703aaf0 0000004c T CTRPluginFramework::GatewayRAMDumper::GatewayRAMDumper()
0703ab3c 00000358 T CTRPluginFramework::GatewayRAMDumper::_SelectRegion()
0703ae94 0000006c W std::__cxx11::basic_string<char, std::char_traits<char>, std::allocator<char> > std::operator+<char, std::char_traits<char>, std::allocator<char> >(char const*, std::__cxx11::basic_string<char, std::char_traits<char>, std::allocator<char> > const&)
0703af00 0000009c T CTRPluginFramework::GatewayRAMDumper::_WriteHeader()
0703af9c 00000140 T CTRPluginFramework::GatewayRAMDumper::_DrawProgress()
0703b0dc 00000028 t CTRPluginFramework::GatewayRAMDumper::operator()()::{lambda(void*)#1}::_FUN(void*)
0703b104 00000058 W __gnu_cxx::__normal_iterator<char*, std::__cxx11::basic_string<char, std::char_traits<char>, std::allocator<char> > > std::__remove_if<__gnu_cxx::__normal_iterator<char*, std::__cxx11::basic_string<char, std::char_traits<char>, std::allocator<char> > >, __gnu_cxx::__ops::_Comp_with_val<std::equal_to<void>, char, true> >(__gnu_cxx::__normal_iterator<char*, std::__cxx11::basic_string<char, std::char_traits<char>, std::allocator<char> > >, __gnu_cxx::__normal_iterator<char*, std::__cxx11::basic_string<char, std::char_traits<char>, std::allocator<char> > >, __gnu_cxx::__ops::_Comp_with_val<std::equal_to<void>, char, true>)
0703b15c 00000284 T CTRPluginFramework::GatewayRAMDumper::_OpenFile()
0703b3e0 0000039c T CTRPluginFramework::GatewayRAMDumper::operator()()
0703b77c 00000044 t std::__cxx11::basic_string<char, std::char_traits<char>, std::allocator<char> >::basic_string(std::__cxx11::basic_string<char, std::char_traits<char>, std::allocator<char> > const&) [clone .isra.0]
0703b7c0 0000016c T CTRPluginFramework::MessageBoxImpl::MessageBoxImpl(std::__cxx11::basic_string<char, std::char_traits<char>, std::allocator<char> > const&, std::__cxx11::basic_string<char, std::char_traits<char>, std::allocator<char> > const&, CTRPluginFramework::DialogType, CTRPluginFramework::ClearScreen)
0703b7c0 0000016c T CTRPluginFramework::MessageBoxImpl::MessageBoxImpl(std::__cxx11::basic_string<char, std::char_traits<char>, std::allocator<char> > const&, std::__cxx11::basic_string<char, std::char_traits<char>, std::allocator<char> > const&, CTRPluginFramework::DialogType, CTRPluginFramework::ClearScreen)
0703b92c 0000014c T CTRPluginFramework::MessageBoxImpl::MessageBoxImpl(std::__cxx11::basic_string<char, std::char_traits<char>, std::allocator<char> > const&, CTRPluginFramework::DialogType, CTRPluginFramework::ClearScreen)
0703b92c 0000014c T CTRPluginFramework::MessageBoxImpl::MessageBoxImpl(std::__cxx11::basic_string<char, std::char_traits<char>, std::allocator<char> > const&, CTRPluginFramework::DialogType, CTRPluginFramework::ClearScreen)
0703ba78 000000c4 T CTRPluginFramework::MessageBoxImpl::_ProcessEvent(CTRPluginFramework::Event&)
0703bb3c 000002a8 T CTRPluginFramework::MessageBoxImpl::_Draw()
0703bde4 000001f4 T CTRPluginFramework::MessageBoxImpl::operator()()
0703bfd8 00000004 T cwav_defaultVAToPA
0703bfdc 00000004 T cwavEnvUseEnvironment
0703bfe0 00000008 T cwavEnvGetEnvironment
0703bfe8 00000004 T cwavEnvInitialize
0703bfec 00000004 T cwavEnvFinalize
0703bff0 00000014 T cwavEnvCompatibleEncoding
0703c004 00000008 T cwavEnvGetChannelAmount
0703c00c 00000018 T cwavEnvIsChannelAvailable
0703c024 000000f4 T cwavEnvPlay
0703c118 00000004 T cwavEnvChannelIsPlaying
0703c11c 00000004 T cwavEnvStop
0703c120 00000044 T CTRPluginFramework::Search::UpdateProgress()
0703c164 00000050 T CTRPluginFramework::Search::Cancel()
0703c1b4 00000184 T CTRPluginFramework::Search::CheckNextRegion()
0703c338 0000005c t std::__cxx11::basic_string<char, std::char_traits<char>, std::allocator<char> >::basic_string(std::__cxx11::basic_string<char, std::char_traits<char>, std::allocator<char> >&&) [clone .isra.0]
0703c394 00000008 T CTRPluginFramework::Search::GetHeader() const
0703c39c 00000048 T CTRPluginFramework::Search::GetTotalResults(CTRPluginFramework::Header const&) const
0703c3e4 0000000c T CTRPluginFramework::Search::GetType() const
0703c3f0 00000018 T CTRPluginFramework::Search::IsFirstUnknownSearch() const
0703c408 0000006c T CTRPluginFramework::Search::WriteHeader()
0703c474 00000324 T CTRPluginFramework::Search::Search(CTRPluginFramework::Search*)
0703c474 00000324 T CTRPluginFramework::Search::Search(CTRPluginFramework::Search*)
0703c798 00000058 T CTRPluginFramework::Search::WriteResults()
0703c7f0 0000010c T CTRPluginFramework::Search::CreateIndexTable()
0703c8fc 000001b4 T CTRPluginFramework::Search::Search(CTRPluginFramework::Search*, std::__cxx11::basic_string<char, std::char_traits<char>, std::allocator<char> > const&)
0703c8fc 000001b4 T CTRPluginFramework::Search::Search(CTRPluginFramework::Search*, std::__cxx11::basic_string<char, std::char_traits<char>, std::allocator<char> > const&)
0703cab0 00000140 T CTRPluginFramework::Search::ExecuteSearch()
0703cbf0 00000048 T CTRPluginFramework::Search::GetRegionIndex(unsigned long)
0703cc38 00000218 T CTRPluginFramework::Search::ExtractPreviousHits(void*, unsigned long, unsigned long, unsigned long&, bool)
0703ce50 000000d0 T CTRPluginFramework::Search32::FirstSearchUnknown()
0703cf20 000000c4 T CTRPluginFramework::Search32::FirstSearchSpecified()
0703cfe4 00000034 t CTRPluginFramework::Results32WithOld* std::__uninitialized_default_n_a<CTRPluginFramework::Results32WithOld*, unsigned int, IAllocator<CTRPluginFramework::Results32WithOld> >(CTRPluginFramework::Results32WithOld*, unsigned int, IAllocator<CTRPluginFramework::Results32WithOld>&) [clone .isra.0]
0703d018 0000002c t CTRPluginFramework::Results32* std::__uninitialized_default_n_a<CTRPluginFramework::Results32*, unsigned int, IAllocator<CTRPluginFramework::Results32> >(CTRPluginFramework::Results32*, unsigned int, IAllocator<CTRPluginFramework::Results32>&) [clone .isra.0]
0703d044 00000248 T CTRPluginFramework::Search32::SecondSearchSpecified()
0703d28c 0000005c t std::__cxx11::basic_string<char, std::char_traits<char>, std::allocator<char> >::basic_string(std::__cxx11::basic_string<char, std::char_traits<char>, std::allocator<char> >&&) [clone .isra.0]
0703d2e8 00000258 T CTRPluginFramework::Search32::SecondSearchUnknown()
0703d540 00000060 W CTRPluginFramework::Search::~Search()
0703d540 00000060 W CTRPluginFramework::Search::~Search()
0703d5a0 00000044 T CTRPluginFramework::Search32::~Search32()
0703d5a0 00000044 T CTRPluginFramework::Search32::~Search32()
0703d5e4 00000020 T CTRPluginFramework::Search32::~Search32()
0703d604 00000024 W CTRPluginFramework::Search::~Search()
0703d628 00000208 T CTRPluginFramework::Search32::Search32(CTRPluginFramework::SearchParameters&)
0703d628 00000208 T CTRPluginFramework::Search32::Search32(CTRPluginFramework::SearchParameters&)
0703d830 00000020 T CTRPluginFramework::Search32::Search32(CTRPluginFramework::Search*, std::__cxx11::basic_string<char, std::char_traits<char>, std::allocator<char> > const&)
0703d830 00000020 T CTRPluginFramework::Search32::Search32(CTRPluginFramework::Search*, std::__cxx11::basic_string<char, std::char_traits<char>, std::allocator<char> > const&)
0703d850 00000074 W std::vector<CTRPluginFramework::Results32WithOld, IAllocator<CTRPluginFramework::Results32WithOld> >::vector(unsigned int, IAllocator<CTRPluginFramework::Results32WithOld> const&)
0703d850 00000074 W std::vector<CTRPluginFramework::Results32WithOld, IAllocator<CTRPluginFramework::Results32WithOld> >::vector(unsigned int, IAllocator<CTRPluginFramework::Results32WithOld> const&)
0703d8c4 00000100 W std::vector<CTRPluginFramework::Results32WithOld, IAllocator<CTRPluginFramework::Results32WithOld> >::_M_default_append(unsigned int)
0703d9c4 00000048 W std::vector<CTRPluginFramework::Results32WithOld, IAllocator<CTRPluginFramework::Results32WithOld> >::resize(unsigned int)
0703da0c 00000148 T CTRPluginFramework::Search32::SubsidiarySearchSpecified()
0703db54 00000148 T CTRPluginFramework::Search32::SubsidiarySearchUnknown()
0703dc9c 000000cc W void std::vector<std::__cxx11::basic_string<char, std::char_traits<char>, std::allocator<char> >, std::allocator<std::__cxx11::basic_string<char, std::char_traits<char>, std::allocator<char> > > >::_M_realloc_append<std::__cxx11::basic_string<char, std::char_traits<char>, std::allocator<char> > >(std::__cxx11::basic_string<char, std::char_traits<char>, std::allocator<char> >&&)
0703dd68 00000038 t std::__cxx11::basic_string<char, std::char_traits<char>, std::allocator<char> >& std::vector<std::__cxx11::basic_string<char, std::char_traits<char>, std::allocator<char> >, std::allocator<std::__cxx11::basic_string<char, std::char_traits<char>, std::allocator<char> > > >::emplace_back<std::__cxx11::basic_string<char, std::char_traits<char>, std::allocator<char> > >(std::__cxx11::basic_string<char, std::char_traits<char>, std::allocator<char> >&&) [clone .isra.0]
0703dda0 00000060 W CTRPluginFramework::Results32* std::__uninitialized_default_n_1<true>::__uninit_default_n<CTRPluginFramework::Results32*, unsigned int>(CTRPluginFramework::Results32*, unsigned int)
0703de00 000000cc W std::vector<CTRPluginFramework::Results32, std::allocator<CTRPluginFramework::Results32> >::_M_default_append(unsigned int)
0703decc 00000038 W std::vector<CTRPluginFramework::Results32, std::allocator<CTRPluginFramework::Results32> >::resize(unsigned int)
0703df04 00000080 W CTRPluginFramework::Results32WithOld* std::__uninitialized_default_n_1<true>::__uninit_default_n<CTRPluginFramework::Results32WithOld*, unsigned int>(CTRPluginFramework::Results32WithOld*, unsigned int)
0703df84 000000ec W std::vector<CTRPluginFramework::Results32WithOld, std::allocator<CTRPluginFramework::Results32WithOld> >::_M_default_append(unsigned int)
0703e070 00000048 W std::vector<CTRPluginFramework::Results32WithOld, std::allocator<CTRPluginFramework::Results32WithOld> >::resize(unsigned int)
0703e0b8 00000338 T CTRPluginFramework::Search32::ReadResults(unsigned long, std::vector<std::__cxx11::basic_string<char, std::char_traits<char>, std::allocator<char> >, std::allocator<std::__cxx11::basic_string<char, std::char_traits<char>, std::allocator<char> > > >&, std::vector<std::__cxx11::basic_string<char, std::char_traits<char>, std::allocator<char> >, std::allocator<std::__cxx11::basic_string<char, std::char_traits<char>, std::allocator<char> > > >&, std::vector<std::__cxx11::basic_string<char, std::char_traits<char>, std::allocator<char> >, std::allocator<std::__cxx11::basic_string<char, std::char_traits<char>, std::allocator<char> > > >&)
0703e3f0 0000005c t std::__cxx11::basic_string<char, std::char_traits<char>, std::allocator<char> >::basic_string(std::__cxx11::basic_string<char, std::char_traits<char>, std::allocator<char> >&&) [clone .isra.0]
0703e44c 0000011c W std::__cxx11::to_string(unsigned long)
0703e568 000000a8 T CTRPluginFramework::SearchMenu::SearchMenu(CTRPluginFramework::Search*&, CTRPluginFramework::HexEditor&, bool&, bool&)
0703e568 000000a8 T CTRPluginFramework::SearchMenu::SearchMenu(CTRPluginFramework::Search*&, CTRPluginFramework::HexEditor&, bool&, bool&)
0703e610 00000084 T CTRPluginFramework::SearchMenu::_OpenExportFile()
0703e694 000000b4 T CTRPluginFramework::SearchMenu::_NewCheat()
0703e748 00000190 T CTRPluginFramework::SearchMenu::_Edit()
0703e8d8 00000058 T CTRPluginFramework::SearchMenu::_JumpInEditor()
0703e930 00000578 T CTRPluginFramework::SearchMenu::Draw()
0703eea8 00000124 T CTRPluginFramework::SearchMenu::_ShowGame()
0703efcc 00000188 T CTRPluginFramework::SearchMenu::Update()
0703f154 00000144 T CTRPluginFramework::SearchMenu::_ExportAll()
0703f298 00000158 T CTRPluginFramework::SearchMenu::_Export()
0703f3f0 0000052c T CTRPluginFramework::SearchMenu::ProcessEvent(std::vector<CTRPluginFramework::Event, std::allocator<CTRPluginFramework::Event> >&, CTRPluginFramework::Time&)
0703f91c 00000910 T CTRPluginFramework::Search32::SubsidiarySearchUnknownU8(std::vector<CTRPluginFramework::Results32WithOld, IAllocator<CTRPluginFramework::Results32WithOld> >&, CTRPluginFramework::SearchFlags, CTRPluginFramework::Results32WithOld*)
0704022c 00000900 T CTRPluginFramework::Search32::SubsidiarySearchUnknownU16(std::vector<CTRPluginFramework::Results32WithOld, IAllocator<CTRPluginFramework::Results32WithOld> >&, CTRPluginFramework::SearchFlags, CTRPluginFramework::Results32WithOld*)
07040b2c 000008d8 T CTRPluginFramework::Search32::SubsidiarySearchUnknownU32(std::vector<CTRPluginFramework::Results32WithOld, IAllocator<CTRPluginFramework::Results32WithOld> >&, CTRPluginFramework::SearchFlags, CTRPluginFramework::Results32WithOld*)
07041404 00000c30 T CTRPluginFramework::Search32::SubsidiarySearchUnknownFloat(std::vector<CTRPluginFramework::Results32WithOld, IAllocator<CTRPluginFramework::Results32WithOld> >&, CTRPluginFramework::SearchFlags, CTRPluginFramework::Results32WithOld*)
07042034 0000047c T CTRPluginFramework::Search32::SubsidiarySearchSpecifiedU8(std::vector<CTRPluginFramework::Results32WithOld, IAllocator<CTRPluginFramework::Results32WithOld> >&, CTRPluginFramework::SearchFlags, CTRPluginFramework::Results32WithOld*)
070424b0 00000480 T CTRPluginFramework::Search32::SubsidiarySearchSpecifiedU16(std::vector<CTRPluginFramework::Results32WithOld, IAllocator<CTRPluginFramework::Results32WithOld> >&, CTRPluginFramework::SearchFlags, CTRPluginFramework::Results32WithOld*)
07042930 00000474 T CTRPluginFramework::Search32::SubsidiarySearchSpecifiedU32(std::vector<CTRPluginFramework::Results32WithOld, IAllocator<CTRPluginFramework::Results32WithOld> >&, CTRPluginFramework::SearchFlags, CTRPluginFramework::Results32WithOld*)
07042da4 00000614 T CTRPluginFramework::Search32::SubsidiarySearchSpecifiedFloat(std::vector<CTRPluginFramework::Results32WithOld, IAllocator<CTRPluginFramework::Results32WithOld> >&, CTRPluginFramework::SearchFlags, CTRPluginFramework::Results32WithOld*)
070433b8 00000c10 T CTRPluginFramework::Search32::SecondSearchUnknownU8(std::vector<unsigned long, IAllocator<unsigned long> >&, CTRPluginFramework::SearchFlags, CTRPluginFramework::Results32WithOld*)
07043fc8 00000758 T CTRPluginFramework::Search32::SecondSearchUnknownU16(std::vector<unsigned long, IAllocator<unsigned long> >&, CTRPluginFramework::SearchFlags, CTRPluginFramework::Results32WithOld*)
07044720 00000400 T CTRPluginFramework::Search32::SecondSearchUnknownU32(std::vector<unsigned long, IAllocator<unsigned long> >&, CTRPluginFramework::SearchFlags, CTRPluginFramework::Results32WithOld*)
07044b20 000006ec T CTRPluginFramework::Search32::SecondSearchUnknownFloat(std::vector<unsigned long, IAllocator<unsigned long> >&, CTRPluginFramework::SearchFlags, CTRPluginFramework::Results32WithOld*)
0704520c 00000894 T CTRPluginFramework::Search32::SecondSearchSpecifiedU8(std::vector<CTRPluginFramework::Results32, IAllocator<CTRPluginFramework::Results32> >&, CTRPluginFramework::SearchFlags, CTRPluginFramework::Results32WithOld*)
07045aa0 0000092c T CTRPluginFramework::Search32::SecondSearchSpecifiedU16(std::vector<CTRPluginFramework::Results32, IAllocator<CTRPluginFramework::Results32> >&, CTRPluginFramework::SearchFlags, CTRPluginFramework::Results32WithOld*)
070463cc 00000914 T CTRPluginFramework::Search32::SecondSearchSpecifiedU32(std::vector<CTRPluginFramework::Results32, IAllocator<CTRPluginFramework::Results32> >&, CTRPluginFramework::SearchFlags, CTRPluginFramework::Results32WithOld*)
07046ce0 00000dd0 T CTRPluginFramework::Search32::SecondSearchSpecifiedFloat(std::vector<CTRPluginFramework::Results32, IAllocator<CTRPluginFramework::Results32> >&, CTRPluginFramework::SearchFlags, CTRPluginFramework::Results32WithOld*)
07047ab0 0000008c W envGetHandle
07047b3c 00000050 W envDestroyHandles
07047b8c 0000009c T fontEnsureMapped
07047c28 00000100 T fontGlyphIndexFromCodePoint
07047d28 00000070 T fontGetCharWidthInfo
07047d98 00000074 T osConvertVirtToPhys
07047e0c 00000054 T osGetTimeRef
07047e60 000000ec T osGetTime
07047f4c 00000164 T srvInit
070480b0 00000064 T srvExit
07048114 000000a0 T srvGetServiceHandleDirect
070481b4 00000048 T srvGetServiceHandle
070481fc 00000038 T srvPublishToSubscriber
07048234 0000000c T __sync_init
07048240 00000018 T __sync_fini
07048258 00000028 T syncArbitrateAddressWithTimeout
07048280 0000001c T LightLock_Init
0704829c 000000ac T LightLock_Lock
07048348 00000040 T LightLock_Unlock
07048388 00000024 T RecursiveLock_Init
070483ac 00000054 T RecursiveLock_Lock
07048400 00000078 T RecursiveLock_TryLock
07048478 00000054 T RecursiveLock_Unlock
070484cc 000000ec T CondVar_WaitTimeout
070485b8 00000124 T CondVar_WakeUp
070486dc 00000044 T LightEvent_Init
07048720 000000b8 T LightEvent_Clear
070487d8 00000048 T LightEvent_Pulse
07048820 000000dc T LightEvent_Signal
070488fc 000000ac T LightEvent_Wait
070489a8 00000014 T LightSemaphore_Init
070489bc 00000094 T LightSemaphore_Acquire
07048a50 00000064 T LightSemaphore_Release
07048ab4 00000090 t mappableFindAddressWithin
07048b44 00000028 T mappableInit
07048b6c 0000007c T mappableAlloc
07048be8 00000004 T mappableFree
07048bec 00000090 T acInit
07048c7c 0000003c T acExit
07048cb8 000000a8 T amInit
07048d60 0000003c T amExit
07048d9c 00000138 T aptSendCommand
07048ed4 00000034 T aptHook
07048f08 00000030 T aptUnhook
07048f38 00000028 T APT_PrepareToCloseApplication
07048f60 00000044 T APT_CloseApplication
07048fa4 00000090 T APT_CheckNew3DS
07049034 00000048 T APT_GetSharedFont
0704907c 000000a8 T cfguInit
07049124 0000003c T cfguExit
07049160 00000054 T CFGU_GetSystemLanguage
070491b4 00000104 T fsInit
070492b8 0000003c T fsExit
070492f4 000000cc T FSUSER_OpenFile
070493c0 000000b8 T FSUSER_DeleteFile
07049478 000000f4 T FSUSER_RenameFile
0704956c 000000b8 T FSUSER_DeleteDirectoryRecursively
07049624 000000d0 T FSUSER_CreateFile
070496f4 000000c0 T FSUSER_CreateDirectory
070497b4 000000f4 T FSUSER_RenameDirectory
070498a8 000000b4 T FSUSER_OpenDirectory
0704995c 00000090 T FSUSER_OpenArchive
070499ec 00000064 T FSFILE_Read
07049a50 0000006c T FSFILE_Write
07049abc 00000044 T FSFILE_GetSize
07049b00 00000028 T FSFILE_SetSize
07049b28 0000003c T FSFILE_Close
07049b64 00000024 T FSFILE_Flush
07049b88 00000028 T FSFILE_SetPriority
07049bb0 00000060 T FSDIR_Read
07049c10 0000003c T FSDIR_Close
07049c4c 00000104 T gspExit
07049d50 00000024 W hidShouldUseIrrst
07049d74 000001cc T hidInit
07049f40 000000e8 T hidExit
0704a028 000002a0 T hidScanInput
0704a2c8 00000010 T hidKeysHeld
0704a2d8 00000010 T hidKeysDown
0704a2e8 00000010 T hidKeysUp
0704a2f8 00000018 T hidTouchRead
0704a310 000001a4 T irrstInit
0704a4b4 000000dc T irrstExit
0704a590 000000b4 T irrstScanInput
0704a644 00000024 T irrstKeysHeld
0704a668 0000000c T srvPmGetSessionHandle
0704a674 000000d4 T sslcInit
0704a748 0000005c T sslcExit
0704a7a4 00000048 T sslcGenerateRandomData
0704a7ec 00000074 T rbtree_find
0704a860 00000010 T rbtree_init
0704a870 00000198 t do_insert
0704aa08 00000008 T rbtree_insert
0704aa10 00000310 T rbtree_remove
0704ad20 00000090 T rbtree_rotate
0704adb0 00000054 T decode_utf16
0704ae04 00000140 T decode_utf8
0704af44 00000054 T encode_utf16
0704af98 000000e0 T encode_utf8
0704b078 000000c0 T utf8_to_utf16
0704b138 T svcQueryMemory
0704b168 T svcExitProcess
0704b170 T svcCreateThread
0704b190 T svcExitThread
0704b198 T svcSleepThread
0704b1a0 T svcSetThreadPriority
0704b1a8 T svcReleaseMutex
0704b1b0 T svcCreateEvent
0704b1c4 T svcSignalEvent
0704b1cc T svcClearEvent
0704b1d4 T svcMapMemoryBlock
0704b1dc T svcUnmapMemoryBlock
0704b1e4 T svcCreateAddressArbiter
0704b1f8 T svcArbitrateAddress
0704b210 T svcArbitrateAddressNoTimeout
0704b218 T svcCloseHandle
0704b220 T svcWaitSynchronization
0704b228 T svcWaitSynchronizationN
0704b250 T svcDuplicateHandle
0704b264 T svcGetSystemTick
0704b26c T svcGetSystemInfo
0704b284 T svcGetProcessInfo
0704b29c T svcConnectToPort
0704b2b0 T svcSendSyncRequest
0704b2b8 T svcOpenProcess
0704b2cc T svcGetProcessId
0704b2e0 T svcGetThreadId
0704b2f4 T svcBreak
0704b2fc T svcInvalidateProcessDataCache
0704b304 T svcFlushProcessDataCache
0704b30c T svcKernelSetState
0704b314 T svcQueryProcessMemory
0704b338 00000060 T rbtree_node_next
0704b398 00000004 T operator delete(void*)
0704b39c 00000004 T operator delete(void*, std::nothrow_t const&)
0704b3a0 00000004 T operator delete(void*, unsigned int)
0704b3a4 00000004 T operator delete[](void*)
0704b3a8 0000000c W __gnu_cxx::__concurrence_lock_error::what() const
0704b3b4 0000000c W __gnu_cxx::__concurrence_unlock_error::what() const
0704b3c0 0000000c W __gnu_cxx::__concurrence_broadcast_error::what() const
0704b3cc 0000000c W __gnu_cxx::__concurrence_wait_error::what() const
0704b3d8 00000038 t (anonymous namespace)::init()
0704b410 00000024 t (anonymous namespace)::init_static_cond()
0704b434 00000020 W __gnu_cxx::__concurrence_lock_error::~__concurrence_lock_error()
0704b434 00000020 W __gnu_cxx::__concurrence_lock_error::~__concurrence_lock_error()
0704b454 0000002c W __gnu_cxx::__concurrence_lock_error::~__concurrence_lock_error()
0704b480 00000020 W __gnu_cxx::__concurrence_wait_error::~__concurrence_wait_error()
0704b480 00000020 W __gnu_cxx::__concurrence_wait_error::~__concurrence_wait_error()
0704b4a0 0000002c W __gnu_cxx::__concurrence_wait_error::~__concurrence_wait_error()
0704b4cc 00000020 W __gnu_cxx::__concurrence_unlock_error::~__concurrence_unlock_error()
0704b4cc 00000020 W __gnu_cxx::__concurrence_unlock_error::~__concurrence_unlock_error()
0704b4ec 0000002c W __gnu_cxx::__concurrence_unlock_error::~__concurrence_unlock_error()
0704b518 00000020 W __gnu_cxx::__concurrence_broadcast_error::~__concurrence_broadcast_error()
0704b518 00000020 W __gnu_cxx::__concurrence_broadcast_error::~__concurrence_broadcast_error()
0704b538 0000002c W __gnu_cxx::__concurrence_broadcast_error::~__concurrence_broadcast_error()
0704b564 0000002c W __gnu_cxx::__throw_concurrence_lock_error()
0704b590 0000002c W __gnu_cxx::__throw_concurrence_unlock_error()
0704b5bc 0000002c W __gnu_cxx::__throw_concurrence_broadcast_error()
0704b5e8 00000124 T __cxa_guard_acquire
0704b70c 0000008c T __cxa_guard_release
0704b798 00000014 T std::get_new_handler()
0704b7ac 0000005c T operator new(unsigned int)
0704b808 0000001c T operator new(unsigned int, std::nothrow_t const&)
0704b824 00000004 T operator new[](unsigned int)
0704b828 00000020 T __cxxabiv1::__si_class_type_info::~__si_class_type_info()
0704b828 00000020 T __cxxabiv1::__si_class_type_info::~__si_class_type_info()
0704b848 0000002c T __cxxabiv1::__si_class_type_info::~__si_class_type_info()
0704b874 0000006c T __cxxabiv1::__si_class_type_info::__do_find_public_src(int, void const*, __cxxabiv1::__class_type_info const*, void const*) const
0704b8e0 000000e4 T __cxxabiv1::__si_class_type_info::__do_dyncast(int, __cxxabiv1::__class_type_info::__sub_kind, __cxxabiv1::__class_type_info const*, void const*, __cxxabiv1::__class_type_info const*, void const*, __cxxabiv1::__class_type_info::__dyncast_result&) const
0704b9c4 00000044 T __cxxabiv1::__si_class_type_info::__do_upcast(__cxxabiv1::__class_type_info const*, void const*, __cxxabiv1::__class_type_info::__upcast_result&) const
0704ba08 00000004 T std::type_info::~type_info()
0704ba08 00000004 T std::type_info::~type_info()
0704ba0c 00000008 T std::type_info::__is_pointer_p() const
0704ba0c 00000008 T std::type_info::__is_function_p() const
0704ba14 0000004c T std::type_info::__equal(std::type_info const&) const
0704ba14 0000004c T std::type_info::operator==(std::type_info const&) const
0704ba60 00000014 T std::__detail::_List_node_base::_M_hook(std::__detail::_List_node_base*)
0704ba74 00000014 T std::__detail::_List_node_base::_M_unhook()
0704ba88 0000005c T std::_Rb_tree_increment(std::_Rb_tree_node_base*)
0704bae4 00000070 T std::_Rb_tree_decrement(std::_Rb_tree_node_base*)
0704bb54 00000294 T std::_Rb_tree_insert_and_rebalance(bool, std::_Rb_tree_node_base*, std::_Rb_tree_node_base*, std::_Rb_tree_node_base&)
0704bde8 0000002c T std::__throw_bad_alloc()
0704be14 0000002c T std::__throw_bad_array_new_length()
0704be40 00000040 T std::__throw_logic_error(char const*)
0704be80 00000040 T std::__throw_invalid_argument(char const*)
0704bec0 00000040 T std::__throw_length_error(char const*)
0704bf00 00000040 T std::__throw_out_of_range(char const*)
0704bf40 00000010 T std::__throw_out_of_range_fmt(char const*, ...)
0704bf50 000000f0 T std::__detail::_Prime_rehash_policy::_M_next_bkt(unsigned int) const
0704c040 000000f0 T std::__detail::_Prime_rehash_policy::_M_need_rehash(unsigned int, unsigned int, unsigned int) const
0704c130 0000000c T std::_Sp_make_shared_tag::_S_eq(std::type_info const&)
0704c13c 00000054 W std::__cxx11::basic_string<char, std::char_traits<char>, std::allocator<char> >::_M_create(unsigned int&, unsigned int)
0704c190 00000014 W std::__cxx11::basic_string<char, std::char_traits<char>, std::allocator<char> >::_M_dispose()
0704c1a4 0000002c W std::__cxx11::basic_string<char, std::char_traits<char>, std::allocator<char> >::_M_disjunct(char const*) const
0704c1d0 00000020 W std::__cxx11::basic_string<char, std::char_traits<char>, std::allocator<char> >::_S_copy(char*, char const*, unsigned int)
0704c1f0 00000020 W std::__cxx11::basic_string<char, std::char_traits<char>, std::allocator<char> >::_S_move(char*, char const*, unsigned int)
0704c210 000000c8 W std::__cxx11::basic_string<char, std::char_traits<char>, std::allocator<char> >::_M_assign(std::__cxx11::basic_string<char, std::char_traits<char>, std::allocator<char> > const&)
0704c2d8 00000104 W std::__cxx11::basic_string<char, std::char_traits<char>, std::allocator<char> >::_M_mutate(unsigned int, unsigned int, char const*, unsigned int)
0704c3dc 00000074 W std::__cxx11::basic_string<char, std::char_traits<char>, std::allocator<char> >::_M_erase(unsigned int, unsigned int)
0704c450 00000098 W std::__cxx11::basic_string<char, std::char_traits<char>, std::allocator<char> >::reserve(unsigned int)
0704c4e8 000000d0 W std::__cxx11::basic_string<char, std::char_traits<char>, std::allocator<char> >::reserve()
0704c5b8 00000074 W std::__cxx11::basic_string<char, std::char_traits<char>, std::allocator<char> >::push_back(char)
0704c62c 00000088 W std::__cxx11::basic_string<char, std::char_traits<char>, std::allocator<char> >::erase(unsigned int, unsigned int)
0704c6b4 00000018 W std::__cxx11::basic_string<char, std::char_traits<char>, std::allocator<char> >::pop_back()
0704c6cc 00000140 W std::__cxx11::basic_string<char, std::char_traits<char>, std::allocator<char> >::_M_replace_cold(char*, unsigned int, char const*, unsigned int, unsigned int)
0704c80c 00000130 W std::__cxx11::basic_string<char, std::char_traits<char>, std::allocator<char> >::_M_replace(unsigned int, unsigned int, char const*, unsigned int)
0704c93c 00000048 W std::__cxx11::basic_string<char, std::char_traits<char>, std::allocator<char> >::insert(unsigned int, std::__cxx11::basic_string<char, std::char_traits<char>, std::allocator<char> > const&)
0704c984 00000060 W std::__cxx11::basic_string<char, std::char_traits<char>, std::allocator<char> >::insert(unsigned int, char const*)
0704c9e4 00000090 W std::__cxx11::basic_string<char, std::char_traits<char>, std::allocator<char> >::_M_append(char const*, unsigned int)
0704ca74 0000002c W std::__cxx11::basic_string<char, std::char_traits<char>, std::allocator<char> >::append(char const*, unsigned int)
0704caa0 00000050 W std::__cxx11::basic_string<char, std::char_traits<char>, std::allocator<char> >::append(char const*)
0704caf0 00000034 W std::__cxx11::basic_string<char, std::char_traits<char>, std::allocator<char> >::append(std::__cxx11::basic_string<char, std::char_traits<char>, std::allocator<char> > const&)
0704cb24 000000a4 W std::__cxx11::basic_string<char, std::char_traits<char>, std::allocator<char> >::find(char const*, unsigned int, unsigned int) const
0704cbc8 00000010 W std::__cxx11::basic_string<char, std::char_traits<char>, std::allocator<char> >::find(std::__cxx11::basic_string<char, std::char_traits<char>, std::allocator<char> > const&, unsigned int) const
0704cbd8 0000006c W std::__cxx11::basic_string<char, std::char_traits<char>, std::allocator<char> >::rfind(char const*, unsigned int, unsigned int) const
0704cc44 00000034 W std::__cxx11::basic_string<char, std::char_traits<char>, std::allocator<char> >::rfind(char const*, unsigned int) const
0704cc78 00000094 W void std::__cxx11::basic_string<char, std::char_traits<char>, std::allocator<char> >::_M_construct<char const*>(char const*, char const*, std::forward_iterator_tag)
0704cd0c 0000005c W std::__cxx11::basic_string<char, std::char_traits<char>, std::allocator<char> >::substr(unsigned int, unsigned int) const
0704cd68 0000000c T std::bad_alloc::what() const
0704cd74 00000020 T std::bad_alloc::~bad_alloc()
0704cd74 00000020 T std::bad_alloc::~bad_alloc()
0704cd94 0000002c T std::bad_alloc::~bad_alloc()
0704cdc0 0000000c T std::bad_array_new_length::what() const
0704cdcc 00000020 T std::bad_array_new_length::~bad_array_new_length()
0704cdcc 00000020 T std::bad_array_new_length::~bad_array_new_length()
0704cdec 0000002c T std::bad_array_new_length::~bad_array_new_length()
0704ce18 00000014 T __cxxabiv1::__class_type_info::__do_find_public_src(int, void const*, __cxxabiv1::__class_type_info const*, void const*) const
0704ce2c 00000020 T __cxxabiv1::__class_type_info::~__class_type_info()
0704ce2c 00000020 T __cxxabiv1::__class_type_info::~__class_type_info()
0704ce4c 0000002c T __cxxabiv1::__class_type_info::~__class_type_info()
0704ce78 00000084 T __cxxabiv1::__class_type_info::__do_dyncast(int, __cxxabiv1::__class_type_info::__sub_kind, __cxxabiv1::__class_type_info const*, void const*, __cxxabiv1::__class_type_info const*, void const*, __cxxabiv1::__class_type_info::__dyncast_result&) const
0704cefc 00000038 T __cxxabiv1::__class_type_info::__do_upcast(__cxxabiv1::__class_type_info const*, void const*, __cxxabiv1::__class_type_info::__upcast_result&) const
0704cf34 00000090 T __cxxabiv1::__class_type_info::__do_upcast(__cxxabiv1::__class_type_info const*, void**) const
0704cfc4 0000005c T __cxxabiv1::__class_type_info::__do_catch(std::type_info const*, void**, unsigned int) const
0704d020 000000f4 t (anonymous namespace)::pool::free(void*) [clone .constprop.0]
0704d114 000000b8 t (anonymous namespace)::pool::allocate(unsigned int) [clone .constprop.0]
0704d1cc 00000044 T __cxa_allocate_exception
0704d210 00000028 T __cxa_free_exception
0704d238 000001a0 t _GLOBAL__sub_I__ZN9__gnu_cxx9__freeresEv
0704d3d8 00000018 t _GLOBAL__sub_D__ZN9__gnu_cxx9__freeresEv
0704d3f0 T __cxa_end_cleanup
0704d400 00000138 T __cxa_type_match
0704d538 000000b4 T __cxa_begin_cleanup
0704d5ec 000000b0 T __gnu_end_cleanup
0704d69c 000000e0 T __cxa_begin_catch
0704d77c 000000e0 T __cxa_end_catch
0704d85c 00000004 T std::exception::~exception()
0704d85c 00000004 T std::exception::~exception()
0704d860 00000004 T std::bad_exception::~bad_exception()
0704d860 00000004 T std::bad_exception::~bad_exception()
0704d864 0000000c T transaction clone for std::bad_exception::what() const
0704d864 0000000c T std::bad_exception::what() const
0704d870 00000020 T std::bad_exception::~bad_exception()
0704d890 00000038 t eh_globals_dtor(void*)
0704d8c8 00000038 T __cxa_get_globals_fast
0704d900 00000090 T __cxa_get_globals
0704d990 00000030 t _GLOBAL__sub_I__ZN17__eh_globals_init7_S_initE
0704d9c0 00000034 t _GLOBAL__sub_D__ZN17__eh_globals_init7_S_initE
0704d9f4 00000150 t read_encoded_value_with_base(unsigned char, unsigned int, unsigned char const*, unsigned int*)
0704db44 00000058 t base_of_encoded_value(unsigned char, _Unwind_Context*)
0704db9c 000000f0 t parse_lsda_header(_Unwind_Context*, unsigned char const*, lsda_header_info*)
0704dc8c 0000074c T __gxx_personality_v0
0704e3d8 00000014 T __cxxabiv1::__terminate(void (*)())
0704e3ec 00000018 T std::terminate()
0704e404 0000000c T __cxxabiv1::__unexpected(void (*)())
0704e410 00000018 T std::unexpected()
0704e428 00000014 T std::get_terminate()
0704e43c 00000014 T std::get_unexpected()
0704e450 00000070 t __gxx_exception_cleanup(_Unwind_Reason_Code, _Unwind_Control_Block*)
0704e4c0 00000080 T __cxa_throw
0704e540 000000b0 T __cxa_rethrow
0704e5f0 00000008 T std::logic_error::what() const
0704e5f0 00000008 T std::runtime_error::what() const
0704e5f8 00000078 T std::logic_error::~logic_error()
0704e5f8 00000078 T std::logic_error::~logic_error()
0704e670 00000078 T std::invalid_argument::~invalid_argument()
0704e670 00000078 T std::invalid_argument::~invalid_argument()
0704e6e8 00000078 T std::length_error::~length_error()
0704e6e8 00000078 T std::length_error::~length_error()
0704e760 00000078 T std::out_of_range::~out_of_range()
0704e760 00000078 T std::out_of_range::~out_of_range()
0704e7d8 00000080 T std::logic_error::~logic_error()
0704e858 00000080 T std::invalid_argument::~invalid_argument()
0704e8d8 00000080 T std::length_error::~length_error()
0704e958 00000080 T std::out_of_range::~out_of_range()
0704e9d8 000000dc T std::logic_error::logic_error(char const*)
0704e9d8 000000dc T std::logic_error::logic_error(char const*)
0704eab4 00000020 T std::invalid_argument::invalid_argument(char const*)
0704eab4 00000020 T std::invalid_argument::invalid_argument(char const*)
0704ead4 00000020 T std::length_error::length_error(char const*)
0704ead4 00000020 T std::length_error::length_error(char const*)
0704eaf4 00000020 T std::out_of_range::out_of_range(char const*)
0704eaf4 00000020 T std::out_of_range::out_of_range(char const*)
0704eb14 00000088 W std::string::_Rep::_S_create(unsigned int, unsigned int, std::allocator<char> const&)
0704eb9c 00000004 W std::string::_Rep::_M_destroy(std::allocator<char> const&)
0704eba0 00000070 t __cxxabiv1::__is_gxx_exception_class(char*)
0704ec10 0000002c T __cxa_call_terminate
0704ec3c 0000014c T __cxa_call_unexpected
0704ed88 0000013c T ceil
0704eec4 00000068 T roundf
0704ef30 00000274 T log2
0704f1a4 000000c0 T ceilf
0704f268 00000144 T floor
0704f3ac 000000c0 T floorf
0704f46c 00000024 t with_errno
0704f490 00000048 T __math_divzero
0704f4d8 0000001c T __math_invalid
0704f4f4 00000044 T __popcountsi2
0704f538 0000002c T __aeabi_f2lz
0704f538 0000002c T __fixsfdi
0704f564 0000002c T __aeabi_d2lz
0704f564 0000002c T __fixdfdi
0704f590 00000040 T __aeabi_f2ulz
0704f590 00000040 T __fixunssfdi
0704f5d0 00000040 T __aeabi_d2ulz
0704f5d0 00000040 T __fixunsdfdi
0704f610 00000130 T __udivmoddi4
0704f740 00000018 t selfrel_offset31
0704f758 00000090 t search_EIT_table
0704f7e8 00000040 t __gnu_unwind_get_pr_addr
0704f828 00000110 t get_eit_entry
0704f938 00000088 t restore_non_core_regs
0704f9c0 00000014 t _Unwind_decode_typeinfo_ptr.constprop.0
0704f9d4 00000004 t _Unwind_DebugHook
0704f9d8 00000064 t unwind_phase2
0704fa3c 0000013c t unwind_phase2_forced
0704fb78 000000a4 T __gnu_Unwind_RaiseException
0704fc1c 00000020 T __gnu_Unwind_ForcedUnwind
0704fc3c 00000074 T __gnu_Unwind_Resume
0704fcb0 00000020 T __gnu_Unwind_Resume_or_Rethrow
0704fcd0 00000004 T _Unwind_Complete
0704fcd4 00000018 T _Unwind_DeleteException
0704fcec 0000007c T _Unwind_VRS_Get
0704fd68 0000002c t _Unwind_GetGR
0704fd94 0000007c T _Unwind_VRS_Set
0704fe10 0000002c t _Unwind_SetGR
0704fe3c 000000c0 T __gnu_Unwind_Backtrace
0704fefc 00000404 t __gnu_unwind_pr_common
07050300 00000008 T __aeabi_unwind_cpp_pr0
07050308 00000008 W __aeabi_unwind_cpp_pr1
07050310 00000008 W __aeabi_unwind_cpp_pr2
07050318 00000454 T _Unwind_VRS_Pop
0705076c 00000064 t next_unwind_byte
070507d0 0000002c t _Unwind_GetGR.constprop.0
070507fc 00000004 t unwind_UCB_from_context
07050800 0000046c T __gnu_unwind_execute
07050c6c 00000048 T __gnu_unwind_frame
07050cb4 00000010 T _Unwind_GetRegionStart
07050cc4 0000001c T _Unwind_GetLanguageSpecificData
07050ce0 00000008 T _Unwind_GetDataRelBase
07050ce8 00000008 T _Unwind_GetTextRelBase
07050cf0 00000018 T isxdigit
07050d08 00000024 T getenv
07050d2c 00000128 T memcpy
07050e54 0000008c T strlen
07050ee0 00000060 t sulp
07050f40 00001428 T _strtod_l
07052368 00000110 T strtof
07052478 00000028 T memalign
070524a0 00000264 t _strtoull_l.isra.0
07052704 00000038 T _strtoull_r
0705273c 000000f4 t rshift
07052830 000008b4 T __gethex
070530e4 000000a0 T snprintf
07053184 000001ec t _strtoul_l.isra.0
07053370 00000038 T _strtoul_r
070533a8 0000003c T strtoul
070533e4 00000010 T ctime
070533f4 00000140 T strchr
07053534 00000018 T isspace
0705354c 000000d8 T memcmp
07053624 00000028 T calloc
0705364c 0000016c T _memalign_r
070537b8 0000000c T __errno
070537c4 00000164 T __smakebuf_r
07053928 00000024 T __locale_mb_cur_max
0705394c 000000e4 T memset
07053a30 000000d8 T _calloc_r
07053b08 0000022c T __sflush_r
07053d34 000000c4 T _fflush_r
07053df8 00000088 T _vsnprintf_r
07053e80 00000038 T vsnprintf
07053eb8 00000028 T realloc
07053ee0 0000082c T _malloc_r
0705470c 00000114 T _malloc_trim_r
07054820 00000314 T _free_r
07054b34 0000001c t stdio_exit_handler
07054b50 0000005c t cleanup_stdio
07054bac 00000154 t global_stdio_init.part.0
07054d00 0000005c T __sinit
07054d5c 0000000c T __sfp_lock_acquire
07054d68 0000000c T __sfp_lock_release
07054d74 00000384 t _strtol_l.part.0
070550f8 0000006c T _strtol_r
07055164 00000084 T __libc_init_array
070551e8 000000d4 T strncpy
070552bc 00000040 T malloc
070552fc 00000020 T free
0705531c 000000e8 T memchr
07055404 000000dc T _findenv_r
070554e0 00000018 T _getenv_r
070554f8 00000044 T __sread
0705553c 00000008 T __seofread
07055544 00000068 T __swrite
070555ac 00000040 T __sseek
070555ec 00000008 T __sclose
070555f4 000001a8 T memmove
0705579c 000004f0 T _realloc_r
07055c8c 0000001c T asctime
07055ca8 0000001c T localtime
07055cc4 0000000c T __malloc_lock
07055cd0 0000000c T __malloc_unlock
07055cdc 00000148 T _fclose_r
07055e24 00000048 T time
07055e6c 000005e0 t get_arg
07056450 0000345c T _svfprintf_r
070598ac 00000014 T atexit
070598c0 00000080 T asctime_r
07059940 000000f8 T __utf8_wctomb
07059a38 0000003c T __libc_fini_array
07059a74 0000003c T strnlen
07059ab0 000000d8 T strncmp
07059b88 00000070 T __match
07059bf8 000002a8 T __hexnan
07059ea0 00000068 T sprintf
07059f08 00000140 t iso_year_adjust
0705a048 00001118 t __strftime.isra.0
0705b160 00000038 T strftime
0705b198 00000010 T nan
0705b1a8 0000000c T nanf
0705b1b8 00000088 T frexp
0705b240 0000000c T __env_lock
0705b24c 0000000c T __env_unlock
0705b258 0000005c T __assert_func
0705b2b4 00000088 T _Balloc
0705b33c 0000001c T _Bfree
0705b358 000000f4 T __multadd
0705b44c 0000010c T __s2b
0705b558 00000080 T __hi0bits
0705b5d8 000000f0 T __lo0bits
0705b6c8 000000a4 T __i2b
0705b76c 00000230 T __multiply
0705b99c 00000130 T __pow5mult
0705bacc 00000138 T __lshift
0705bc04 00000058 T __mcmp
0705bc5c 00000218 T __mdiff
0705be74 00000068 T __ulp
0705bedc 000000d4 T __b2d
0705bfb0 00000120 T __d2b
0705c0d0 00000078 T __ratio
0705c148 0000008c T __copybits
0705c1d4 0000005c T __any_on
0705c230 0000000c T abs
0705c23c 00000070 T _fwalk_sglue
0705c2ac 000000a0 T _wcrtomb_r
0705c34c 000005e0 t get_arg
0705c92c 0000226c T _svfiprintf_r
0705eb98 000000a4 T __ssprint_r
0705ec3c 00000340 T __utf8_mbtowc
0705ef7c 0000003c T fiprintf
0705efb8 0000000c T __tz_lock
0705efc4 0000000c T __tz_unlock
0705efd0 00000068 T siprintf
0705f038 0000000c T labs
0705f044 000000f0 T strcpy
0705f134 0000035c T localtime_r
0705f490 00000258 T __tzcalc_limits
0705f6e8 000001c0 t quorem
0705f8a8 00001420 T _dtoa_r
07060cc8 00000010 T _tzset_unlocked
07060cd8 00000028 T _wcsrtombs_r
07060d00 000000bc T __register_exitproc
07060dbc 0000000c T __gettzinfo
07060dc8 00000024 T _localeconv_r
07060dec 0000012c T __ssputs_r
07060f18 0000025c T gmtime_r
07061174 000005e0 t get_arg
07061754 000022f8 T _vfiprintf_r
07063a4c 000000b4 t __sbprintf
07063b00 00000648 T _tzset_unlocked_r
07064148 0000015c T _wcsnrtombs_l
070642a4 00000064 T _wcsnrtombs_r
07064308 000000a0 T sniprintf
070643a8 00000030 T __sprint_r
070643d8 00000078 T siscanf
07064450 00000140 T __swsetup_r
07064590 000004a4 T __sfvwrite_r
07064a34 00000050 t get_arg
07064a84 000000e4 T _sungetc_r
07064b68 0000006c T __ssrefill_r
07064bd4 000000b4 T _sfread_r
07064c88 000022c4 T __ssvfiscanf_r
07066f4c 00000008 T iswspace
07066f54 000000b8 T __submore
0706700c 000000c4 T _mbrtowc_r
070670d0 000000f8 T __sccl
070671c8 0000047c t _strtoll_l.isra.0
07067644 00000038 T _strtoll_r
0706767c 00000038 T iswspace_l
070676b4 00000090 T category
07067744 0000009c T _fstat_r
070677e0 0000002c T __getreent
0706780c 00000030 T _gettimeofday_r
0706783c 00000058 T __get_handle
07067894 00000110 T _close_r
070679a4 00000008 t null_write
070679ac 00000008 T _isatty_r
070679b4 00000094 T _lseek_r
07067a48 00000060 T pthread_mutex_lock
07067aa8 00000060 T pthread_mutex_unlock
07067b08 00000018 T pthread_cond_broadcast
07067b20 00000060 T pthread_cond_wait
07067b80 0000009c T pthread_once
07067c1c 00000034 T pthread_key_create
07067c50 00000024 T pthread_setspecific
07067c74 00000024 T pthread_getspecific
07067c98 00000024 T pthread_key_delete
07067cbc 00000094 T _read_r
07067d50 00000078 W _sbrk_r
07067dc8 0000001c T __libc_lock_acquire
07067de4 0000001c T __libc_lock_release
07067e00 0000001c T __libc_lock_acquire_recursive
07067e1c 0000001c T __libc_lock_release_recursive
07067e38 00000024 T __libc_cond_broadcast
07067e5c 00000024 T __libc_cond_wait
07067e80 00000024 T __libc_cond_wait_recursive
07067ea4 00000094 T _write_r
07067f38 T _fini
07067f50 T __text_end__
070687d0 00000008 r kSlideDuration
070687d8 00000008 R CTRPluginFramework::Time::Zero
0706ac20 00000004 R CTRPluginFramework::Color::SkyBlue
0706ac24 00000004 R CTRPluginFramework::Color::Orange
0706ac28 00000004 R CTRPluginFramework::Color::LimeGreen
0706ac2c 00000004 R CTRPluginFramework::Color::ForestGreen
0706ac30 00000004 R CTRPluginFramework::Color::Gainsboro
0706ac34 00000004 R CTRPluginFramework::Color::DimGrey
0706ac38 00000004 R CTRPluginFramework::Color::DeepSkyBlue
0706ac3c 00000004 R CTRPluginFramework::Color::DarkGrey
0706ac40 00000004 R CTRPluginFramework::Color::Brown
0706ac44 00000004 R CTRPluginFramework::Color::BlackGrey
0706ac48 00000004 R CTRPluginFramework::Color::Green
0706ac4c 00000004 R CTRPluginFramework::Color::Gray
0706ac50 00000004 R CTRPluginFramework::Color::Silver
0706ac54 00000004 R CTRPluginFramework::Color::Magenta
0706ac58 00000004 R CTRPluginFramework::Color::Cyan
0706ac5c 00000004 R CTRPluginFramework::Color::Yellow
0706ac60 00000004 R CTRPluginFramework::Color::Blue
0706ac64 00000004 R CTRPluginFramework::Color::Red
0706ac68 00000004 R CTRPluginFramework::Color::White
0706ac6c 00000004 R CTRPluginFramework::Color::Black
0706ac78 00000030 r C.8.0
0706acb0 00000024 r C.1.1
0706acd4 00000054 r C.0.0
0706ad28 00000003 r CTRPluginFrameworkImpl::Services::GSP::RestoreNonVBlankEvents()::completionTypes
0706ad30 00000014 r CTRPluginFramework::defaultSoundFiles
0706ad4c 00000008 r C.70.1
0706ad54 00000008 r C.51.0
0706ad5c 00000014 V vtable for CTRPluginFramework::MenuItem
0706ad70 00000014 R vtable for CTRPluginFramework::MenuFolderImpl
0706ad84 0000001c R vtable for CTRPluginFramework::MenuEntryImpl
0706adb8 00000028 r C.0.0
0706ade0 00000020 R vtable for CTRPluginFramework::HexEditor::ByteView
0706ae00 00000020 R vtable for CTRPluginFramework::HexEditor::IntegerView
0706ae20 00000020 R vtable for CTRPluginFramework::HexEditor::AsmView
0706ae40 00000008 r CTRPluginFramework::HexEditor::_PromptForAddress(int)::msg
0706ae50 0000001c R vtable for CTRPluginFramework::TouchKey
0706ae6c 0000001c R vtable for CTRPluginFramework::TextBox
0706ae88 00000a00 r font
0706b898 00000058 r CTRPluginFramework::g_OSDPattern
0706b8f4 0000001c R vtable for CTRPluginFramework::NumericTextBox
0706b910 00000014 r C.0.0
0706b924 0000001c R vtable for CTRPluginFramework::FloatingButton
0706b940 0000001c R vtable for CTRPluginFramework::ComboBox
0706b95c 0000001c R vtable for CTRPluginFramework::Button
0706b9ec 00000040 r RegNames
0706ba2c 00000010 r shift_names
0706ba3c 00000040 r cond_names
0706ba7c 0000001c R vtable for CTRPluginFramework::MenuEntryActionReplay
0706bcfc 00000018 r C.138.0
0706bd14 00000008 r CTRPluginFramework::CommentCodeLine(CTRPluginFramework::ARCode const&)::storage
0706bd1c 00000008 r CTRPluginFramework::CommentCodeLine(CTRPluginFramework::ARCode const&)::data
0706bd24 00000008 r CTRPluginFramework::CommentCodeLine(CTRPluginFramework::ARCode const&)::offsets
0706bd2c 00000014 r CTRPluginFramework::CommentCodeLine(CTRPluginFramework::ARCode const&)::condstr
0706bd40 0000000c r CTRPluginFramework::CommentCodeLine(CTRPluginFramework::ARCode const&)::_data
0706bd4c 00000080 r CTRPluginFramework::KeysToString(unsigned long)::keysText
0706bdcc 0000002e r C.45.0
0706bdfc 00000014 r C.35.0
0706be10 00000018 V vtable for CTRPluginFramework::DefaultRandomBackend
0706be28 0000001c V vtable for std::_Sp_counted_ptr_inplace<CTRPluginFramework::TaskContext, std::allocator<void>, (__gnu_cxx::_Lock_policy)2>
0706be44 00000008 V std::_Sp_make_shared_tag::_S_ti()::__tag
0706be4c 00000018 r IsInstructionPCDependant(unsigned long)::forbiddenInstructions
0706be64 00000384 r UserManualFilled15_array
0706c1e8 00000384 r Unsplash15_array
0706c56c 00000384 r UnCheckedCheckbox_array
0706c8f0 000009c4 r TrashFilled25_array
0706d2b4 000009c4 r Trash25_array
0706dc78 00000384 r Star15_array
0706dffc 00000384 r Shutdown15_array
0706e380 00000384 r Settings15_array
0706e704 00000384 r Search15_array
0706ea88 000009c4 r Save25_array
0706f44c 00001900 r Rocket40_array
07070d4c 00000384 r Restart15_array
070710d0 00000384 r RAM15_array
07071454 000009c4 r PlusFilled25_array
07071e18 000009c4 r Plus25_array
070727dc 00000384 r More15_array
07072b60 00000384 r Maintenance15_array
07072ee4 000009c4 r KeyboardFilled25_array
070738a8 000009c4 r Keyboard25_array
0707426c 000009c4 r InfoFilled25_array
07074c30 000009c4 r Info25_array
070755f4 00000384 r HandCursor15_array
07075978 00000384 r Grid15_array
07075cfc 000009c4 r GameControllerFilled25_array
070766c0 000009c4 r GameController25_array
07077084 00000384 r GameController15_array
07077408 00000384 r FolderFilled_array
0707778c 00000384 r File15_array
07077b10 00000384 r EnterKeyFilled15_array
07077e94 00000384 r EnterKey15_array
07078218 000009c4 r EditFilled25_array
07078bdc 000009c4 r Edit25_array
070795a0 000009c4 r DuplicateFilled25_array
07079f64 000009c4 r Duplicate25_array
0707a928 00000e10 r DefaultKeyboardCustomIcon_array
0707b738 000009c4 r CutFilled25_array
0707c0fc 000009c4 r Cut25_array
0707cac0 00000384 r Controller15_array
0707ce44 00000640 r CloseWindowFilled20_array
0707d484 00000640 r CloseWindow20_array
0707dac4 000009c4 r ClipboardFilled25_array
0707e488 000009c4 r Clipboard25_array
0707ee4c 00000384 r ClearSymbolFilled15_array
0707f1d0 00000384 r ClearSymbol15_array
0707f554 00000384 r CheckedCheckbox_array
0707f8d8 00000384 r CapsLockOnFilled15_array
0707fc5c 00000384 r CapsLockOn15_array
0707ffe0 000009c4 r AddFavoriteFilled25_array
070809a4 000009c4 r AddFavorite25_array
07081368 00000384 r About15_array
070816f8 0000000c r C.133.1
07081704 00000014 r C.116.0
07081718 00000023 r CTRPluginFramework::g_copyrightText
0708173b 0000001e r CTRPluginFramework::g_ctrpfText
07081768 0000001c R vtable for CTRPluginFramework::MenuEntryTools
07081784 00000038 r CTRPluginFramework::stable
070817bc 00000038 r CTRPluginFramework::ktable
070817f4 00000038 R vtable for CTRPluginFramework::Search
0708182c 00000038 R vtable for CTRPluginFramework::Search32
07081864 0000001c r C.91.0
07081880 0000000c r serviceNameTable.5
0708188c 00000027 V typeinfo name for __gnu_cxx::__concurrence_lock_error
070818b4 0000000c V typeinfo for __gnu_cxx::__concurrence_lock_error
070818c0 00000029 V typeinfo name for __gnu_cxx::__concurrence_unlock_error
070818ec 0000000c V typeinfo for __gnu_cxx::__concurrence_unlock_error
070818f8 0000002c V typeinfo name for __gnu_cxx::__concurrence_broadcast_error
07081924 0000000c V typeinfo for __gnu_cxx::__concurrence_broadcast_error
07081930 00000027 V typeinfo name for __gnu_cxx::__concurrence_wait_error
07081958 0000000c V typeinfo for __gnu_cxx::__concurrence_wait_error
07081964 00000014 V vtable for __gnu_cxx::__concurrence_lock_error
07081978 00000014 V vtable for __gnu_cxx::__concurrence_unlock_error
0708198c 00000014 V vtable for __gnu_cxx::__concurrence_broadcast_error
070819a0 00000014 V vtable for __gnu_cxx::__concurrence_wait_error
070819b4 00000001 R std::nothrow
070819b8 00000025 R typeinfo name for __cxxabiv1::__si_class_type_info
070819e0 0000000c R typeinfo for __cxxabiv1::__si_class_type_info
070819ec 0000002c R vtable for __cxxabiv1::__si_class_type_info
07081a18 0000000d R typeinfo name for std::type_info
07081a28 00000008 R typeinfo for std::type_info
07081a30 0000000e r std::__detail::_Prime_rehash_policy::_M_next_bkt(unsigned int) const::__fast_bkt
07081a40 00000404 R std::__detail::__prime_list
07081e44 00000018 V typeinfo name for std::_Sp_make_shared_tag
07081e5c 00000008 V typeinfo for std::_Sp_make_shared_tag
07081e64 0000000d R typeinfo name for std::bad_alloc
07081e74 0000000c R typeinfo for std::bad_alloc
07081e80 00000014 R vtable for std::bad_alloc
07081e94 00000019 R typeinfo name for std::bad_array_new_length
07081eb0 0000000c R typeinfo for std::bad_array_new_length
07081ebc 00000014 R vtable for std::bad_array_new_length
07081ed0 00000022 R typeinfo name for __cxxabiv1::__class_type_info
07081ef4 0000000c R typeinfo for __cxxabiv1::__class_type_info
07081f00 0000002c R vtable for __cxxabiv1::__class_type_info
07081f2c 0000000d R typeinfo name for std::exception
07081f3c 00000008 R typeinfo for std::exception
07081f44 00000012 R typeinfo name for std::bad_exception
07081f58 0000000c R typeinfo for std::bad_exception
07081f64 00000020 R typeinfo name for __cxxabiv1::__forced_unwind
07081f84 00000008 R typeinfo for __cxxabiv1::__forced_unwind
07081f8c 00000024 R typeinfo name for __cxxabiv1::__foreign_exception
07081fb0 00000008 R typeinfo for __cxxabiv1::__foreign_exception
07081fb8 00000014 R vtable for std::bad_exception
07081fe0 00000010 R typeinfo name for std::logic_error
07081ff0 0000000c R typeinfo for std::logic_error
07081ffc 00000015 R typeinfo name for std::invalid_argument
07082014 0000000c R typeinfo for std::invalid_argument
07082020 00000011 R typeinfo name for std::length_error
07082034 0000000c R typeinfo for std::length_error
07082040 00000011 R typeinfo name for std::out_of_range
07082054 0000000c R typeinfo for std::out_of_range
07082060 00000014 R vtable for std::logic_error
07082074 00000014 R vtable for std::invalid_argument
07082088 00000014 R vtable for std::length_error
0708209c 00000014 R vtable for std::out_of_range
070820b0 00000890 R __log2_data
070829bc 00000014 r fpinan.0
070829d0 00000014 r fpi.1
070829e8 00000028 r tinytens
07082a10 00000100 R __hexdig
07082bfc 00000010 r zeroes.0
07082c0c 00000010 r blanks.1
07082c1c 00000024 r mon_name.0
07082c40 00000015 r day_name.1
07082c58 00000101 R _ctype_
07082e08 0000000c r p05.0
07082e18 00000028 R __mprec_bigtens
07082e40 000000c8 R __mprec_tens
07082ff4 00000010 r zeroes.0
07083004 00000010 r blanks.1
07083014 0000006c R __action_table
07083080 0000006c R __state_table
070830ec 00000100 R __chclass
070831f4 000000fc R _C_time_locale
070833dc 00000010 r zeroes.0
070833ec 00000010 r blanks.1
070833fc 00000060 R __month_lengths
070834dc 00000022 r basefix.0
07083500 000037f8 r categories
07086cf8 00000080 R dotab_stdnull
07086d78 R __tdata_align
07086f14 R __exidx_start
070871ec R __exidx_end
070871ec 00000004 D cwavCurrentVAPAConvCallback
070871f0 00000001 d CTRPluginFrameworkImpl::Services::GSP::RunInterruptReceiver
070871f1 00000001 D CTRPluginFramework::SystemImpl::Language
070871f4 00000018 D CTRPluginFramework::Screenshot::Prefix[abi:cxx11]
0708720c 00000018 D CTRPluginFramework::Screenshot::Path[abi:cxx11]
07087224 00000004 D CTRPluginFramework::Screenshot::Screens
07087228 00000004 D CTRPluginFramework::Screenshot::Hotkeys
0708722c 00000004 D CTRPluginFramework::RendererPriv::g_customColor
07087230 000001f4 D opcode_names
07087424 00000001 D CTRPluginFramework::Preferences::_bmpCanBeLoaded
07087428 00000018 D CTRPluginFramework::Preferences::ScreenshotPrefix[abi:cxx11]
07087440 00000018 D CTRPluginFramework::Preferences::ScreenshotPath[abi:cxx11]
07087458 00000018 D CTRPluginFramework::Preferences::CheatsFile[abi:cxx11]
07087470 00000004 D CTRPluginFramework::Preferences::MenuHotkeys
07087474 00000018 d CTRPluginFramework::LineWriter::endl[abi:cxx11]()::end
0708748c 00000004 D CTRPluginFramework::FwkSettings::Header
07087490 00000004 D g_charPerSheet
07087494 00000004 D UserManualFilled15
07087498 00000004 D Unsplash15
0708749c 00000004 D UnCheckedCheckbox
070874a0 00000004 D TrashFilled25
070874a4 00000004 D Trash25
070874a8 00000004 D Star15
070874ac 00000004 D Shutdown15
070874b0 00000004 D Settings15
070874b4 00000004 D Search15
070874b8 00000004 D Save25
070874bc 00000004 D Rocket40
070874c0 00000004 D Restart15
070874c4 00000004 D RAM15
070874c8 00000004 D PlusFilled25
070874cc 00000004 D Plus25
070874d0 00000004 D More15
070874d4 00000004 D Maintenance15
070874d8 00000004 D KeyboardFilled25
070874dc 00000004 D Keyboard25
070874e0 00000004 D InfoFilled25
070874e4 00000004 D Info25
070874e8 00000004 D HandCursor15
070874ec 00000004 D Grid15
070874f0 00000004 D GameControllerFilled25
070874f4 00000004 D GameController25
070874f8 00000004 D GameController15
070874fc 00000004 D FolderFilled
07087500 00000004 D File15
07087504 00000004 D EnterKeyFilled15
07087508 00000004 D EnterKey15
0708750c 00000004 D EditFilled25
07087510 00000004 D Edit25
07087514 00000004 D DuplicateFilled25
07087518 00000004 D Duplicate25
0708751c 00000004 D DefaultKeyboardCustomIcon
07087520 00000004 D CutFilled25
07087524 00000004 D Cut25
07087528 00000004 D Controller15
0708752c 00000004 D CloseWindowFilled20
07087530 00000004 D CloseWindow20
07087534 00000004 D ClipboardFilled25
07087538 00000004 D Clipboard25
0708753c 00000004 D ClearSymbolFilled15
07087540 00000004 D ClearSymbol15
07087544 00000004 D CheckedCheckbox
07087548 00000004 D CapsLockOnFilled15
0708754c 00000004 D CapsLockOn15
07087550 00000004 D AddFavoriteFilled25
07087554 00000004 D AddFavorite25
07087558 00000004 D About15
0708755c 00000018 D CTRPluginFramework::FSPath::CurrentWorkingDirectory[abi:cxx11]
07087574 00000001 D CTRPluginFramework::EventManager::_refresh
07087578 00000004 d CTRPluginFramework::PluginMenuTools::_ProcessEvent(CTRPluginFramework::Event&)::selector
0708757c 00000001 d CTRPluginFramework::_WriteLoadedFiles(CTRPluginFramework::MenuEntryTools*)::firstActivation
07087580 00000004 d kCount
07087584 00000004 d kInterval
07087588 00000004 d kDelay
0708758c 00000004 D __cxxabiv1::__unexpected_handler
07087590 00000004 D __cxxabiv1::__terminate_handler
07087594 00000004 D _impure_ptr
07087598 00000200 D _impure_data
07087798 00000254 D __global_locale
070879ec 00000004 D __malloc_sbrk_base
070879f0 00000004 D __malloc_trim_threshold
070879f8 00000408 D __malloc_av_
07087e00 0000000c D __sglue
07087e0c 00000008 D _tzname
07087e14 00000004 D environ
07087e18 00000058 d tzinfo
07087e70 00001000 d handles
07088e70 0000000c d __stderr_handle
07088e7c 0000000c d __stdout_handle
07088e88 0000000c d __stdin_handle
07088e94 0000008c D devoptab_list
07088f34 d _GLOBAL_OFFSET_TABLE_
07088f40 D __tdata_lma
07088f4c d __frame_dummy_init_array_entry
07088f4c D __init_array_start
07088f4c B __preinit_array_end
07088f4c B __preinit_array_start
07088f4c D __tdata_lma_end
07088fbc d __do_global_dtors_aux_fini_array_entry
07088fbc D __fini_array_start
07088fbc D __init_array_end
0708901c D __bss_start__
0708901c D __fini_array_end
0708901c 00000004 b ncsndMutex
07089020 00000004 b ncsndCmdCurOff
07089024 00000004 B ncsndSharedMem
07089028 00000004 b ncsndCmdStartOff
0708902c 00000004 B ncsndCSNDHandle
07089030 00000004 b ncsndRefCount
07089034 00000004 B ncsndChannels
07089038 00000010 B ncsndOffsets
07089048 00000004 B ncsndSharedMemSize
0708904c 00000004 b ncsndSharedMemBlock
07089050 00000001 b ncsndCookieHooked
07089054 0000000c b ncsndCookie
07089060 b saved_stack
07089068 00000004 b cwavListCount
0708906c 00000004 b cwavList
07089070 00000004 b cwavAddedToList
07089074 b completed.1
07089078 b object.0
07089090 00000008 b CTRPluginFramework::s_pollClock
07089098 00000050 b CTRPluginFramework::s_lastShown
070890e8 00000008 b s_shownAt
070890f0 00000001 b s_visible
070890f4 00000040 b s_body
07089134 00000020 b s_title
07089154 00000004 b s_retryCountdown
07089158 00000001 b s_connected
0708915c 00000004 b s_session
07089160 00000004 b CTRPluginFramework::g_runningInstance
07089164 00000001 B CTRPluginFramework::OSD::LightweightMode
07089168 00000004 b g_onLoadCroLock
0708916c 00000004 b g_onSharedMemMapHook
07089170 00000004 b g_onLoadCroHook
07089174 00000008 b CTRPluginFramework::g_mainThread
0708917c 00000004 B CTRPluginFramework::g_keepEvent
07089180 00000004 B CTRPluginFramework::g_keepThreadHandle
07089184 00000004 B CTRPluginFramework::g_continueGameEvent
07089188 00000008 B CTRPluginFramework::_sdmcArchive
07089190 00001000 b CTRPluginFramework::keepThreadStack
0708a190 00000004 B g_temporaryInitLibStack
0708a194 00000004 b g_mainThreadVars
0708a198 00000001 b properInit
0708a199 00000001 b fakeInit
0708a19c 00000004 b plgLdrRefCount
0708a1a0 00000004 b plgReply
0708a1a4 00000004 b plgEvent
0708a1a8 00000004 b plgLdrArbiter
0708a1ac 00000004 b plgLdrHandle
0708a1b0 0000000e b CTRPluginFrameworkImpl::Services::GSP::SeenEventCounts
0708a1c0 00000004 B CTRPluginFrameworkImpl::Services::GSP::InterruptReceiverThreadPriority
0708a1c4 00000004 B CTRPluginFrameworkImpl::Services::GSP::BufferFlags
0708a1c8 00000008 b CTRPluginFrameworkImpl::Services::GSP::SharedFrameBuffers
0708a1d0 00000008 b CTRPluginFrameworkImpl::Services::GSP::InterruptReceiverThread
0708a1d8 00000004 b CTRPluginFrameworkImpl::Services::GSP::GSPRegisterInterruptReceiverHook
0708a1dc 00000008 b CTRPluginFrameworkImpl::Services::GSP::Semaphore
0708a1e4 00000008 b CTRPluginFrameworkImpl::Services::GSP::VBlank1Event
0708a1ec 00000008 b CTRPluginFrameworkImpl::Services::GSP::VBlank0Event
0708a1f4 00000004 b CTRPluginFrameworkImpl::Services::GSP::WakeEvent
0708a1f8 00000004 b CTRPluginFrameworkImpl::Services::GSP::GSPEvent
0708a1fc 00000004 b CTRPluginFrameworkImpl::Services::GSP::EventData
0708a200 00000004 b CTRPluginFrameworkImpl::Services::GSP::SharedMemoryBlock
0708a204 00000001 b CTRPluginFrameworkImpl::Services::GSP::CatchInterrupt
0708a208 00000008 b CTRPluginFramework::g_sleepEvent
0708a210 00000004 B CTRPluginFramework::SystemImpl::AptStatus
0708a214 00000004 B CTRPluginFramework::SystemImpl::RosalinaHotkey
0708a218 00000004 B CTRPluginFramework::SystemImpl::CFWVersion
0708a21c 00000001 B CTRPluginFramework::SystemImpl::IsCitra
0708a21d 00000001 B CTRPluginFramework::SystemImpl::IsNew3DS
0708a21e 00000001 B _g_isCitra
0708a220 00000004 b CTRPluginFramework::isReady
0708a224 00000008 B CTRPluginFramework::Screenshot::_resumeEvent
0708a22c 00000008 B CTRPluginFramework::Screenshot::_readyEvent
0708a234 00000008 B CTRPluginFramework::Screenshot::_task
0708a240 00000008 B CTRPluginFramework::Screenshot::_hotkeyTimer
0708a248 00000008 B CTRPluginFramework::Screenshot::_timer
0708a250 00000004 B CTRPluginFramework::Screenshot::_display
0708a254 00000004 B CTRPluginFramework::Screenshot::_filecount
0708a258 00000004 B CTRPluginFramework::Screenshot::_mode
0708a25c 00000004 B CTRPluginFramework::Screenshot::ScreenshotCallback
0708a260 00000004 B CTRPluginFramework::Screenshot::ImgBuffer
0708a268 00000008 B CTRPluginFramework::Screenshot::Timer
0708a270 00000001 B CTRPluginFramework::Screenshot::IsEnabled
0708a274 00000004 B CTRPluginFramework::ScreenImpl::Bottom
0708a278 00000004 B CTRPluginFramework::ScreenImpl::Top
0708a27c 000000ac b CTRPluginFramework::_botBuf
0708a328 000000ac b CTRPluginFramework::_topBuf
0708a3d4 00000028 B CTRPluginFramework::Scheduler::_singleton
0708a3fc 00000044 b CTRPluginFramework::g_previousException
0708a440 00000004 B CTRPluginFramework::ProcessImpl::processEventCallback
0708a444 00000004 B CTRPluginFramework::ProcessImpl::exceptionCount
0708a448 00000008 B CTRPluginFramework::ProcessImpl::waitForExitEvent
0708a450 0000000c B CTRPluginFramework::ProcessImpl::MemRegions
0708a45c 0000000c B CTRPluginFramework::ProcessImpl::MemoryMutex
0708a468 00000010 B CTRPluginFramework::ProcessImpl::InvalidRegion
0708a478 00000004 B CTRPluginFramework::ProcessImpl::MainThreadTls
0708a47c 00000064 B CTRPluginFramework::ProcessImpl::CodeSet
0708a4e0 00000004 B CTRPluginFramework::ProcessImpl::KProcessPtr
0708a4e4 00000004 B CTRPluginFramework::ProcessImpl::MainThread
0708a4e8 00000008 B CTRPluginFramework::ProcessImpl::TitleId
0708a4f0 00000004 B CTRPluginFramework::ProcessImpl::ProcessId
0708a4f4 00000004 B CTRPluginFramework::ProcessImpl::Status
0708a4f8 00000004 B CTRPluginFramework::ProcessImpl::IsPaused
0708a4fc 00000004 B CTRPluginFramework::ProcessImpl::ProcessHandle
0708a500 0000001c B CTRPluginFramework::HookManager::_singleton
0708a51c 00000008 b CTRPluginFramework::Heap::g_heapPool
0708a524 0000000c b CTRPluginFramework::Heap::_mutex
0708a530 00000004 B CTRPluginFramework::Heap::__ctrpf_heap_size
0708a534 00000004 B CTRPluginFramework::Heap::__ctrpf_heap
0708a538 0000000c b sAddrMap
0708a544 00000004 B CTRPluginFramework::SoundEngineImpl::fallbackSound
0708a548 0000000c B CTRPluginFramework::SoundEngineImpl::menuSounds
0708a554 00000004 b CTRPluginFramework::PluginMenuImpl::Run()::count
0708a558 0000000c B CTRPluginFramework::PluginMenuImpl::_trashBinMutex
0708a564 00000004 B CTRPluginFramework::PluginMenuImpl::_runningInstance
0708a568 00000004 b CTRPluginFramework::PluginMenuHome::_showStarredBtn_OnClick()::bak
0708a56c 00000004 b CTRPluginFramework::PluginMenuHome::_ProcessEvent(CTRPluginFramework::Event&)::last
0708a570 00000004 b guard variable for CTRPluginFramework::PluginMenuHome::_ProcessEvent(CTRPluginFramework::Event&)::inputClock
0708a578 00000008 b CTRPluginFramework::PluginMenuHome::_ProcessEvent(CTRPluginFramework::Event&)::inputClock
0708a580 00000004 b guard variable for CTRPluginFramework::PluginMenuHome::_ProcessEvent(CTRPluginFramework::Event&)::fastScroll
0708a588 00000008 b CTRPluginFramework::PluginMenuHome::_ProcessEvent(CTRPluginFramework::Event&)::fastScroll
0708a590 00000004 b guard variable for CTRPluginFramework::PluginMenuHome::operator()(std::vector<CTRPluginFramework::Event, std::allocator<CTRPluginFramework::Event> >&, int&, CTRPluginFramework::Time&)::top
0708a594 00000008 b CTRPluginFramework::PluginMenuHome::operator()(std::vector<CTRPluginFramework::Event, std::allocator<CTRPluginFramework::Event> >&, int&, CTRPluginFramework::Time&)::top
0708a59c 00000004 b CTRPluginFramework::g_radioId
0708a5a0 00000004 B CTRPluginFramework::PluginMenuExecuteLoop::_firstInstance
0708a5a4 00000004 b guard variable for CTRPluginFramework::PluginMenuActionReplay::operator()(std::vector<CTRPluginFramework::Event, std::allocator<CTRPluginFramework::Event> >&, CTRPluginFramework::Time const&)::top
0708a5a8 00000008 b CTRPluginFramework::PluginMenuActionReplay::operator()(std::vector<CTRPluginFramework::Event, std::allocator<CTRPluginFramework::Event> >&, CTRPluginFramework::Time const&)::top
0708a5b0 00000004 b CTRPluginFramework::__pmARinstance
0708a5b4 00000004 B CTRPluginFramework::MenuItem::_uidCounter
0708a5b8 00000001 b CTRPluginFramework::KeyboardImpl::_ChangeManualKey(int, bool)::preventRecursion
0708a5bc 00000004 b CTRPluginFramework::KeyboardImpl::_CheckKeys()::backspaceFastMode
0708a5c0 00000004 b guard variable for CTRPluginFramework::KeyboardImpl::_CheckKeys()::backspacetimer
0708a5c8 00000008 b CTRPluginFramework::KeyboardImpl::_CheckKeys()::backspacetimer
0708a5d0 00000004 b guard variable for CTRPluginFramework::KeyboardImpl::_ProcessEvent(CTRPluginFramework::Event&)::buttons
0708a5d4 00000010 b CTRPluginFramework::KeyboardImpl::_ProcessEvent(CTRPluginFramework::Event&)::buttons
0708a5e4 00000004 b guard variable for CTRPluginFramework::KeyboardImpl::_RenderBottom()::clampArea
0708a5e8 00000010 b CTRPluginFramework::KeyboardImpl::_RenderBottom()::clampArea
0708a5f8 00000004 b guard variable for CTRPluginFramework::KeyboardImpl::_RenderBottom()::background2
0708a5fc 00000010 b CTRPluginFramework::KeyboardImpl::_RenderBottom()::background2
0708a60c 00000004 b guard variable for CTRPluginFramework::KeyboardImpl::_RenderBottom()::background
0708a610 00000010 b CTRPluginFramework::KeyboardImpl::_RenderBottom()::background
0708a620 00000004 b guard variable for CTRPluginFramework::KeyboardImpl::_RenderTop()::background2
0708a624 00000010 b CTRPluginFramework::KeyboardImpl::_RenderTop()::background2
0708a634 00000004 b guard variable for CTRPluginFramework::KeyboardImpl::_RenderTop()::background1
0708a638 00000010 b CTRPluginFramework::KeyboardImpl::_RenderTop()::background1
0708a648 00000008 B CTRPluginFramework::KeyboardImpl::_inputClock
0708a650 0000000c B CTRPluginFramework::KeyboardImpl::_QwertyKeys
0708a65c 0000000c B CTRPluginFramework::KeyboardImpl::_HexaDecimalKeys
0708a668 0000000c B CTRPluginFramework::KeyboardImpl::_DecimalKeys
0708a674 00000004 b guard variable for CTRPluginFramework::HexEditor::_PromptForAddress(int)::background
0708a678 00000010 b CTRPluginFramework::HexEditor::_PromptForAddress(int)::background
0708a688 00000004 B CTRPluginFramework::__g_hexEditor
0708a68c 00000004 b guard variable for CTRPluginFramework::GuideReader::Draw()::background
0708a690 00000010 b CTRPluginFramework::GuideReader::Draw()::background
0708a6a0 00000004 b CTRPluginFramework::__converter
0708a6a4 00000010 B CTRPluginFramework::Icon::DefaultCustomIcon
0708a6b4 00000028 B CTRPluginFramework::Window::TopWindow
0708a6dc 00000028 B CTRPluginFramework::Window::BottomWindow
0708a704 00000004 b guard variable for CTRPluginFramework::Renderer::DrawRoundedRectangle(CTRPluginFramework::Rect<int> const&, CTRPluginFramework::Color const&, CTRPluginFramework::Color const&)::_lines
0708a708 0000000c b CTRPluginFramework::Renderer::DrawRoundedRectangle(CTRPluginFramework::Rect<int> const&, CTRPluginFramework::Color const&, CTRPluginFramework::Color const&)::_lines
0708a714 00000004 b guard variable for CTRPluginFramework::Renderer::EndFrame(bool)::background
0708a718 00000004 b CTRPluginFramework::Renderer::EndFrame(bool)::background
0708a71c 00000008 b CTRPluginFramework::(anonymous namespace)::CheckFrameResumedTask
0708a724 00000001 b CTRPluginFramework::(anonymous namespace)::HasGameResumed
0708a725 00000001 b CTRPluginFramework::(anonymous namespace)::IsForced
0708a728 0000000c b CTRPluginFramework::(anonymous namespace)::FrameLockingMutex
0708a738 00000050 b CTRPluginFramework::g_fpsCounter
0708a788 00000008 B CTRPluginFramework::OSDImpl::DrawNotifTask2
0708a790 00000008 B CTRPluginFramework::OSDImpl::DrawNotifTask1
0708a798 00000008 B CTRPluginFramework::OSDImpl::OnFrameResume
0708a7a0 00000008 B CTRPluginFramework::OSDImpl::OnFramePaused
0708a7a8 00000008 B CTRPluginFramework::OSDImpl::OnNewFrameEvent
0708a7b0 00000001 B CTRPluginFramework::OSDImpl::WritesToPrevFB
0708a7b1 00000001 B CTRPluginFramework::OSDImpl::NeedToPauseFrame
0708a7b2 00000001 B CTRPluginFramework::OSDImpl::IsFramePaused
0708a7b4 00000020 B CTRPluginFramework::OSDImpl::previousFBAddr
0708a7d4 0000000c B CTRPluginFramework::OSDImpl::CallbacksTrashBin
0708a7e0 0000000c B CTRPluginFramework::OSDImpl::Callbacks
0708a7ec 0000000c B CTRPluginFramework::OSDImpl::Notifications
0708a7f8 00000024 B CTRPluginFramework::OSDImpl::FloatingBtn
0708a81c 0000000c B CTRPluginFramework::OSDImpl::RecLock
0708a828 00000018 B CTRPluginFramework::OSDImpl::BottomScreen
0708a840 00000018 B CTRPluginFramework::OSDImpl::TopScreen
0708a858 00000004 B CTRPluginFramework::OSDImpl::OSDHook
0708a85c 00000004 B CTRPluginFramework::OSDImpl::FramesToPlay
0708a860 00000004 B CTRPluginFramework::OSDImpl::WaitingForScreenshot
0708a864 00000001 B CTRPluginFramework::OSDImpl::DrawSaveIcon
0708a868 0000001c b CTRPluginFramework::(anonymous namespace)::defaultSysFont
0708a884 00000004 b CTRPluginFramework::(anonymous namespace)::defaultGlyph
0708a888 00000004 b CTRPluginFramework::(anonymous namespace)::glyph
0708a88c 0000000c B CTRPluginFramework::Font::_mutex
0708a898 00000004 B CTRPluginFramework::g_glyphAllocated
0708a89c 00000004 B CTRPluginFramework::g_fontAllocated
0708a8a0 00000004 b CTRPluginFramework::g_context
0708a8a4 00000001 b CTRPluginFramework::ToggleFloat
0708a8a5 00000001 B CTRPluginFramework::ARHandler::ExitCodeImmediately
0708a8a8 00000004 B CTRPluginFramework::ARHandler::ActiveStorage
0708a8ac 00000004 B CTRPluginFramework::ARHandler::ActiveData
0708a8b0 00000004 B CTRPluginFramework::ARHandler::ActiveOffset
0708a8b4 00000008 B CTRPluginFramework::ARHandler::Storage
0708a8bc 00000010 B CTRPluginFramework::ARHandler::Data
0708a8cc 00000008 B CTRPluginFramework::ARHandler::Offset
0708a8d8 00000fa0 b CTRPluginFramework::arStack
0708b878 00000004 b guard variable for CTRPluginFramework::ActionReplay_ProcessString(std::__cxx11::basic_string<char, std::char_traits<char>, std::allocator<char> >&, bool)::colors
0708b87c 0000000c b CTRPluginFramework::ActionReplay_ProcessString(std::__cxx11::basic_string<char, std::char_traits<char>, std::allocator<char> >&, bool)::colors
0708b888 00000004 b guard variable for CTRPluginFramework::ARCodeEditor::_ReloadCodeLines()::tempar
0708b88c 0000000c b CTRPluginFramework::ARCodeEditor::_ReloadCodeLines()::tempar
0708b898 00000001 b CTRPluginFramework::ARCodeEditor::operator()(std::vector<CTRPluginFramework::Event, std::allocator<CTRPluginFramework::Event> >&)::isInHexEditor
0708b899 00000001 b CTRPluginFramework::g_newCondDataToggle
0708b89a 00000001 b CTRPluginFramework::g_condAgainstData
0708b89c 00000004 b CTRPluginFramework::__arCodeEditor
0708b8a0 0000000c B CTRPluginFramework::g_codeTypes
0708b8ac 00000001 B CTRPluginFramework::Preferences::_favoritesAlreadyLoaded
0708b8ad 00000001 B CTRPluginFramework::Preferences::_cheatsAlreadyLoaded
0708b8b0 000000b0 B CTRPluginFramework::Preferences::Settings
0708b960 00000008 B CTRPluginFramework::Preferences::Backlights
0708b968 00000008 B CTRPluginFramework::Preferences::Flags
0708b970 00000004 B CTRPluginFramework::Preferences::bottomBackgroundImage
0708b974 00000004 B CTRPluginFramework::Preferences::topBackgroundImage
0708b978 00000004 B CTRPluginFramework::Utils::randomBackend
0708b97c 00000001 b CTRPluginFramework::g_randomBackendDefault
0708b980 00000004 b guard variable for CTRPluginFramework::LineWriter::endl[abi:cxx11]()::end
0708b984 00000018 b __threads
0708b99c 0000000c b __mutex
0708b9a8 00000004 B CTRPluginFramework::System::OnAbort
0708b9ac 00000001 B CTRPluginFramework::Process::ThrowOldExceptionOnCallbackException
0708b9b0 00000004 B CTRPluginFramework::Process::OnPauseResume
0708b9b4 00000004 B CTRPluginFramework::Process::exceptionCallback
0708b9b8 00000004 B CTRPluginFramework::Controller::_keysReleased
0708b9bc 00000004 B CTRPluginFramework::Controller::_keysHeld
0708b9c0 00000004 B CTRPluginFramework::Controller::_keysDown
0708b9c4 0000001c b CTRPluginFramework::g_dummy
0708b9e0 00000180 b CTRPluginFramework::g_keyName
0708bb60 00000004 b CTRPluginFramework::ConvertToFloat(std::__cxx11::basic_string<char, std::char_traits<char>, std::allocator<char> >&, bool)::temp
0708bb64 00000004 b CTRPluginFramework::ConvertToU32(std::__cxx11::basic_string<char, std::char_traits<char>, std::allocator<char> >&, bool)::temp
0708bb68 00000002 b CTRPluginFramework::ConvertToU16(std::__cxx11::basic_string<char, std::char_traits<char>, std::allocator<char> >&, bool)::temp
0708bb6a 00000001 b CTRPluginFramework::ConvertToU8(std::__cxx11::basic_string<char, std::char_traits<char>, std::allocator<char> >&, bool)::temp
0708bb6c 0000001c B CTRPluginFramework::Render::_randomSets[abi:cxx11]
0708bb88 0000000c B CTRPluginFramework::FSPath::FSMutex
0708bb94 00000004 B CTRPluginFramework::EventManager::_firstTouch
0708bb98 00000001 B CTRPluginFramework::EventManager::_isTouching
0708bb9c 00000004 b guard variable for CTRPluginFramework::SubMenu::Draw()::background
0708bba0 00000010 b CTRPluginFramework::SubMenu::Draw()::background
0708bbb0 00000004 b guard variable for CTRPluginFramework::PluginMenuTools::operator()(std::vector<CTRPluginFramework::Event, std::allocator<CTRPluginFramework::Event> >&, CTRPluginFramework::Time&)::task
0708bbb4 00000008 b CTRPluginFramework::PluginMenuTools::operator()(std::vector<CTRPluginFramework::Event, std::allocator<CTRPluginFramework::Event> >&, CTRPluginFramework::Time&)::task
0708bbbc 00000001 b CTRPluginFramework::g_manualScreenshotTrigger
0708bbc0 00000004 b CTRPluginFramework::g_screenshotEntry
0708bbc4 00000001 b CTRPluginFramework::InitFsTryOpenFileHook()::isInitialized
0708bbc8 00000004 b CTRPluginFramework::g_OpenFileLock
0708bbcc 00000004 B CTRPluginFramework::g_FsTryOpenFileAddress
0708bbd0 00000040 b CTRPluginFramework::g_hookExportFile
0708bc10 00000004 b CTRPluginFramework::g_HookMode
0708bc14 00000004 b CTRPluginFramework::g_FsTryOpenFileHook
0708bc18 00000008 b CTRPluginFramework::g_textXpos
0708bc20 00000004 b CTRPluginFramework::g_mode
0708bc24 00000004 b guard variable for CTRPluginFramework::PluginMenuSearch::_ShowProgressWindow(void*)::background2
0708bc28 00000010 b CTRPluginFramework::PluginMenuSearch::_ShowProgressWindow(void*)::background2
0708bc38 00000004 b guard variable for CTRPluginFramework::PluginMenuSearch::_ShowProgressWindow(void*)::background
0708bc3c 00000010 b CTRPluginFramework::PluginMenuSearch::_ShowProgressWindow(void*)::background
0708bc4c 00000004 b guard variable for CTRPluginFramework::GatewayRAMDumper::_DrawProgress()::logo
0708bc50 00000010 b CTRPluginFramework::GatewayRAMDumper::_DrawProgress()::logo
0708bc60 00000001 b CTRPluginFramework::g_progressLoop
0708bc64 00000004 B CTRPluginFramework::_pool
0708bc68 00000004 b guard variable for CTRPluginFramework::SearchMenu::ProcessEvent(std::vector<CTRPluginFramework::Event, std::allocator<CTRPluginFramework::Event> >&, CTRPluginFramework::Time&)::_startFastScroll
0708bc70 00000008 b CTRPluginFramework::SearchMenu::ProcessEvent(std::vector<CTRPluginFramework::Event, std::allocator<CTRPluginFramework::Event> >&, CTRPluginFramework::Time&)::_startFastScroll
0708bc78 00000004 b guard variable for CTRPluginFramework::SearchMenu::ProcessEvent(std::vector<CTRPluginFramework::Event, std::allocator<CTRPluginFramework::Event> >&, CTRPluginFramework::Time&)::_fastScroll
0708bc80 00000008 b CTRPluginFramework::SearchMenu::ProcessEvent(std::vector<CTRPluginFramework::Event, std::allocator<CTRPluginFramework::Event> >&, CTRPluginFramework::Time&)::_fastScroll
0708bc88 00000004 b sharedFontAddr
0708bc8c 00000004 B g_sharedFont
0708bc90 00000004 b srvRefCount
0708bc94 00000004 b srvHandle
0708bc98 00000004 b arbiter
0708bc9c 00000004 b currentAddr
0708bca0 00000004 b maxAddr
0708bca4 00000004 b minAddr
0708bca8 00000004 b acRefCount
0708bcac 00000004 b acHandle
0708bcb0 00000004 b amRefCount
0708bcb4 00000004 b amHandle
0708bcb8 00000001 b flagValue.0
0708bcb9 00000001 b flagInit.1
0708bcbc 00000004 b serviceName.6
0708bcc0 0000000c b aptFirstHook
0708bccc 00000004 b aptLockHandle
0708bcd0 00000004 b cfguRefCount
0708bcd4 00000004 b cfguHandle
0708bcd8 00000080 b fsExemptArchives
0708bd58 00000004 b fsuRefCount
0708bd5c 00000004 b fsuHandle
0708bd60 00000001 b gspRunEvents
0708bd64 00000004 b gspEventThread
0708bd68 00000004 b gspEvent
0708bd6c 00000001 b gspGpuRight
0708bd70 00000004 b gspSharedMem
0708bd74 00000004 b gspSharedMemHandle
0708bd78 00000004 b gspRefCount
0708bd7c 00000004 b gspGpuHandle
0708bd80 00000001 b usingIrrst
0708bd84 00000004 b hidRefCount
0708bd88 00000006 b gRate
0708bd90 00000006 b aVec
0708bd98 00000004 b cPos
0708bd9c 00000004 b tPos
0708bda0 00000004 b kRepeat
0708bda4 00000004 b kUp
0708bda8 00000004 b kDown
0708bdac 00000004 b kHeld
0708bdb0 00000004 b kOld
0708bdb4 00000004 B hidSharedMem
0708bdb8 00000014 B hidEvents
0708bdcc 00000004 B hidMemHandle
0708bdd0 00000004 B hidHandle
0708bdd4 00000004 b irrstRefCount
0708bdd8 00000004 b csPos
0708bddc 00000004 b kHeld
0708bde0 00000004 B irrstSharedMem
0708bde4 00000004 B irrstEvent
0708bde8 00000004 B irrstMemHandle
0708bdec 00000004 B irrstHandle
0708bdf0 00000004 b srvPmHandle
0708bdf4 00000004 b __sslc_refcount
0708bdf8 00000004 B __sslc_servhandle
0708bdfc 00000004 V __ctru_heap_size
0708be00 00000004 B __ctru_linear_heap
0708be04 00000004 B __ctru_heap
0708be08 00000004 b (anonymous namespace)::get_static_cond()::once
0708be10 00000008 b (anonymous namespace)::fake_cond
0708be18 00000004 b (anonymous namespace)::static_cond
0708be1c 00000004 b (anonymous namespace)::get_static_mutex()::once
0708be20 00000010 b (anonymous namespace)::fake_mutex
0708be30 00000004 b (anonymous namespace)::static_mutex
0708be34 00000004 b (anonymous namespace)::__new_handler
0708be38 0000001c b (anonymous namespace)::emergency_pool
0708be54 00000004 b init
0708be58 00000001 B __eh_globals_init::_S_init
0708be5c 0000000c b (anonymous namespace)::eh_globals
0708be68 00000010 V std::string::_Rep::_S_empty_rep_storage
0708be78 00000028 B __malloc_current_mallinfo
0708bea0 00000004 B __malloc_max_total_mem
0708bea4 00000004 B __malloc_max_sbrked_mem
0708bea8 00000004 B __malloc_top_pad
0708beac 0000000c b __sfp_recursive_mutex
0708beb8 00000168 B __sf
0708c020 00000004 B __stdio_exit_handler
0708c024 0000000c b __malloc_recursive_mutex
0708c030 0000000c b __env_recursive_mutex
0708c03c 00000004 B _timezone
0708c040 00000004 B _daylight
0708c044 00000004 b __tz_mutex
0708c048 00000004 b initial_env
0708c04c 00000190 B __atexit0
0708c1dc 00000004 b prev_tzenv
0708c1e0 0000000c b __tzname_dst
0708c1ec 0000000c b __tzname_std
0708c1f8 00000004 B __atexit
0708c1fc 0000000c B __atexit_recursive_mutex
0708c208 00000004 b __hndl_lock
0708c20c 00000004 B fake_heap_start
0708c210 00000004 B fake_heap_end
0708c214 00000004 b __pthread_once_cv
0708c218 00000004 b __pthread_once_lock
0708c21c 00000004 b heap_start.0
0708c220 B __tls_start
0708c24c B __bss_end__
0708c24c A __end__
0708c24c B __tls_end
